,Amino Acid Code,AAindex: ANDN920101,AAindex: ARGP820101,AAindex: ARGP820102,AAindex: ARGP820103,AAindex: BEGF750101
0,A,4.35,0.61,1.18,1.56,1
1,R,4.38,0.6,0.2,0.45,0.52
2,N,4.75,0.06,0.23,0.27,0.35
3,D,4.76,0.46,0.05,0.14,0.44
4,C,4.65,1.07,1.89,1.23,0.06
5,Q,4.37,0,0.72,0.51,0.44
6,E,4.29,0.47,0.11,0.23,0.73
7,G,3.97,0.07,0.49,0.62,0.35
8,H,4.63,0.61,0.31,0.29,0.6
9,I,3.95,2.22,1.45,1.67,0.73
10,L,4.17,1.53,3.23,2.93,1
11,K,4.36,1.15,0.06,0.15,0.6
12,M,4.52,1.18,2.67,2.96,1
13,F,4.66,2.02,1.96,2.03,0.6
14,P,4.44,1.95,0.76,0.76,0.06
15,S,4.5,0.05,0.97,0.81,0.35
16,T,4.35,0.05,0.84,0.91,0.44
17,W,4.7,2.65,0.77,1.08,0.73
18,Y,4.6,1.88,0.39,0.68,0.44
19,V,3.95,1.32,1.08,1.14,0.82