GCaMP3 Variant,Number of wells,Mutations added to GCaMP3,1 AP !F/F0,2 AP !F/F0,3 AP !F/F0,5 AP !F/F0,10 AP !F/F0,20 AP !F/F0,40 AP !F/F0,80 AP !F/F0,160 AP !F/F0,Decay half time (10 AP),F0 normalized to mCherry fluorescence,1 AP p-value,2 AP p-value,3 AP p-value,5 AP p-value,10 AP p-value,20 AP p-value,40 AP p-value,80 AP p-value,160 AP p-value,Decay half time (10 AP) p-value,F0 normalized to mCherry fluorescence p-value
GCaMP3,322,base,1,1,1,1,1,1,1,1,1,1,1,1,1,1,1,1,1,1,1,1,1,1
GCaMP5G,55,T302L R303P D380Y,1.91,2.05,1.89,1.7,1.68,1.62,1.65,1.74,1.76,1.02,0.675,1.15E-10,9.06E-12,7.26E-11,1.10E-10,2.76E-14,2.90E-17,5.41E-22,1.33E-25,3.53E-28,0.977,5.12E-08
GCaMP6s,12,K78H T302L R303P D380Y T381R S383T R392G,15.39,20.75,16.19,11.81,8.88,5.99,5.14,3.79,2.99,3.48,0.743,4.75E-08,1.79E-08,1.97E-08,1.79E-08,1.79E-08,1.79E-08,1.79E-08,1.79E-08,1.79E-08,3.95E-06,0.00415
GCaMP6m,17,T302L R303P M378G K379S D380Y T381R S383T R392G,13.27,12.2,9.52,7.41,5.49,4.36,3.52,2.59,2.09,1.88,0.538,4.67E-09,1.73E-09,1.98E-09,1.15E-09,1.11E-09,1.04E-09,1.04E-09,1.04E-09,1.04E-09,1.73E-09,4.11E-05
GCaMP6f,16,T302L R303P A317E D380Y T381R S383T R392G,8.71,12.7,9.42,6.44,5.35,3.97,3.09,2.63,2.33,0.75,0.674,1.56E-07,2.31E-08,2.45E-08,1.79E-08,1.79E-08,1.79E-08,1.79E-08,1.79E-08,1.82E-08,0.00566,0.000175
3,12,D380Y,1.89,1.89,1.91,1.92,1.89,1.75,1.63,1.47,1.34,0.98,1.1,0.00836,0.00403,0.00177,0.000458,2.17E-05,1.07E-05,4.41E-06,6.91E-06,0.00855,0.635,0.35
29,17,T302L R303P D380Y,2.51,3.12,2.78,2.57,2.39,2.05,1.79,1.81,1.93,1.02,0.738,3.91E-05,2.54E-05,1.06E-05,2.00E-06,1.45E-07,2.31E-09,8.35E-11,1.99E-10,1.18E-08,0.272,2.88E-05
30,8,T302L R303P,5.06,2.85,3.21,1.59,1.32,1.1,1.05,0.93,0.93,1.12,0.589,0.0396,0.087,0.145,0.228,0.17,0.261,0.553,0.707,0.848,0.243,0.000118
31,12,L59H E60P T302L R303P,2.68,2.79,2.33,2.05,1.87,1.75,1.92,2.08,2.2,1.37,0.517,2.29E-05,1.66E-05,2.01E-05,4.12E-05,5.87E-06,1.79E-07,2.25E-08,5.65E-09,5.23E-09,1.45E-06,7.42E-06
54,5,V168N,0.85,0.83,0.81,0.71,0.94,0.98,1.01,1.07,1.06,0.86,0.93,0.395,0.149,0.0981,0.0406,0.251,0.488,0.852,0.202,0.262,0.0288,0.247
61,5,V105S,2.09,2.69,2.71,2.22,1.76,1.77,1.29,1.16,1.01,1.15,0,0.0549,0.0487,0.0079,0.00436,0.0105,0.0106,0.0354,0.275,0.788,0.209,1
65,6,L143R,1.28,1.89,1.67,1.31,1.1,1.04,0.9,0.89,0.95,1.72,0,0.243,0.105,0.108,0.287,0.653,0.902,0.37,0.211,0.519,6.07E-05,1
67,12,A317E D380Y,1.31,1.3,1.11,0.85,0.71,0.53,0.45,0.46,0.44,0.26,1.04,0.403,0.343,0.928,0.302,0.00161,2.10E-06,9.10E-08,1.90E-08,1.35E-08,3.95E-05,0.485
68,11,A317E T302L R303P D380Y,2.15,1.34,1,0.97,0.9,0.69,0.55,0.51,0.5,0.26,0.751,0.0487,0.0165,0.372,0.86,0.106,0.000202,5.25E-07,9.77E-08,7.65E-08,0.000261,0.247
69,15,L59H E60P T302L R303P D380Y,1.69,1.43,1.2,0.97,0.94,1.07,1.19,1.58,1.86,1.04,0.584,0.00536,0.0381,0.138,0.616,0.507,0.188,0.00773,1.81E-05,1.02E-05,0.424,6.96E-07
74,11,K323S,1.13,1.49,1.44,1.39,1.34,1.19,1.15,1.1,1.03,0.78,1.11,0.378,0.0881,0.0881,0.054,0.0475,0.0531,0.0773,0.272,0.572,0.000335,0.066
75,12,K323R,2.39,1.9,1.74,1.52,1.47,1.23,1.14,1,0.98,1.06,1.2,0.004,0.00249,0.00307,0.00203,0.00469,0.0294,0.194,0.604,0.729,0.281,0.0221
76,10,K323G,1.39,2.26,1.64,1.43,1.27,1.17,1.07,0.96,0.9,0.66,1.32,0.304,0.0786,0.11,0.0786,0.114,0.116,0.519,0.565,0.194,0.000122,0.256
77,12,K323D,0.79,0.8,0.73,0.61,0.63,0.6,0.59,0.56,0.62,0.45,0.972,0.474,0.0622,0.0259,0.000593,0.000645,1.74E-05,1.88E-06,4.42E-07,1.17E-07,6.87E-09,0.926
78,5,T381M,0.46,0.77,0.66,0.68,0.75,0.71,0.71,0.77,0.94,0.84,0.905,0.0106,0.0653,0.026,0.442,0.0416,0.032,0.0324,0.0416,0.15,0.0296,0.371
80,5,T381G,0.93,1.32,1.31,1.25,1.15,1.11,0.92,0.87,0.99,2.01,1.55,0.593,0.46,0.436,0.636,0.868,0.848,0.492,0.202,0.742,0.000144,0.00466
81,6,T381W,0.26,0.48,0.44,0.46,0.53,0.56,0.59,0.59,0.64,0.65,1.14,0.000202,0.000813,0.000653,0.00117,0.00683,0.00225,0.00055,0.000218,0.000184,4.08E-05,0.492
82,6,T381S,0.79,1.32,1.17,1.04,1.05,1.05,1.01,0.92,1.05,1.21,1.02,0.477,0.785,0.818,0.968,0.735,0.987,0.832,0.562,0.549,0.00222,0.713
83,23,T381R,1.46,1.97,1.94,1.66,1.68,1.54,1.54,1.46,1.36,1.51,1.47,0.0226,0.000372,0.000351,9.33E-05,5.05E-05,2.62E-05,5.21E-05,4.22E-06,1.11E-06,4.90E-12,0.000908
84,5,T381Q,0.9,1.55,1.45,1.08,1.2,1.28,1.37,1.27,1.21,1.5,0.948,0.973,0.0464,0.0487,0.159,0.112,0.0161,0.00458,0.00618,0.00668,0.000384,0.953
85,6,T381F,0.74,0.81,0.83,0.88,0.92,0.98,1.04,1.06,1.05,0.95,0.789,0.126,0.392,0.372,0.46,0.469,0.836,0.898,0.796,0.704,0.306,0.263
86,6,T381I,0.45,0.49,0.49,0.51,0.57,0.63,0.6,0.66,0.75,0.68,0.837,0.00841,0.01,0.00568,0.00259,0.00138,0.00251,0.00164,0.000653,0.000589,4.51E-05,0.492
87,6,T381H,0.85,1.31,1.34,1.23,1.21,1.18,1.21,1.21,1.19,2.2,1.06,0.63,0.198,0.228,0.249,0.185,0.167,0.0985,0.0255,0.0163,2.94E-05,0.635
88,6,N399Y,0.58,0.9,0.94,0.83,0.79,0.74,0.69,0.66,0.66,0.6,0.696,0.0204,0.365,0.446,0.281,0.0732,0.0334,0.00288,0.000631,0.000261,3.84E-05,0.0225
89,10,N399T,0.8,1.18,1.27,0.85,1,0.97,0.83,0.76,0.8,0.89,1.52,0.504,0.773,0.964,0.472,0.71,0.4,0.0231,0.000437,0.000372,0.0256,0.0327
90,11,N399S,0.69,0.95,0.89,0.74,0.94,1,0.99,0.99,1.03,1.21,1.24,0.197,0.8,0.976,0.273,0.941,0.735,0.77,0.668,0.617,0.00012,0.157
91,20,N399G,0.96,1.01,0.96,0.94,0.93,0.91,0.85,0.83,0.89,0.71,1.03,0.259,0.553,0.535,0.327,0.354,0.0834,0.0071,0.00028,0.00743,3.02E-08,0.608
92,6,N399H,0.67,1.01,0.94,0.83,0.82,0.8,0.75,0.71,0.79,0.69,0.969,0.0613,0.887,0.803,0.528,0.159,0.0688,0.0131,0.00159,0.00131,0.00311,0.776
93,6,N399P,0.77,0.67,0.55,0.51,0.46,0.4,0.32,0.3,0.3,0.27,0.691,0.177,0.0558,0.00288,0.00115,0.000206,6.83E-05,4.51E-05,4.16E-05,3.99E-05,3.54E-05,0.0048
94,12,N399R,1.05,1.7,1.44,1.28,1.14,1.01,0.83,0.79,0.76,0.82,1.19,0.716,0.0228,0.0372,0.116,0.335,0.711,0.0232,0.000195,4.01E-05,0.000101,0.0606
95,5,N399E,0.88,1.04,1,1.07,0.81,0.75,0.69,0.68,0.7,0.56,1.02,0.479,0.604,0.896,0.892,0.271,0.115,0.0199,0.0031,0.00136,0.000166,0.898
96,6,N399V,1.1,1.36,1.08,0.89,0.94,0.85,0.8,0.78,0.83,0.67,0.736,0.994,0.616,0.677,0.398,0.327,0.112,0.024,0.00478,0.00818,0.000374,0.0028
97,6,N399C,1.79,1.14,1.01,0.85,0.72,0.72,0.64,0.68,0.79,0.74,0.88,0.392,0.76,0.574,0.193,0.0245,0.00876,0.00154,0.000994,0.0014,0.00145,0.388
98,6,N399Q,0.98,0.97,0.97,0.97,0.87,0.93,0.81,0.79,0.8,0.66,0.807,0.814,0.774,0.732,0.63,0.214,0.188,0.0287,0.00356,0.00212,4.24E-05,0.113
99,6,N399W,0.64,0.57,0.59,0.68,0.61,0.54,0.47,0.43,0.43,0.56,1.17,0.249,0.0912,0.117,0.093,0.0277,0.00325,0.000348,6.57E-05,5.18E-05,3.54E-05,0.388
100,11,N399F,0.5,0.53,0.57,0.55,0.6,0.62,0.63,0.62,0.61,0.49,0.868,4.61E-05,0.000397,0.000261,8.70E-05,0.000134,6.73E-05,6.44E-06,7.35E-07,4.17E-07,2.76E-08,0.0379
101,11,N399K,0.73,0.76,0.78,0.79,0.82,0.8,0.7,0.7,0.73,0.69,1.04,0.0974,0.0728,0.0611,0.0324,0.094,0.0283,0.000694,5.49E-05,5.48E-06,2.00E-06,0.716
102,12,T381C,1.1,1.23,1.13,1.14,1.06,1.06,1.09,1.02,1.11,1.2,1.14,0.454,0.107,0.141,0.193,0.297,0.21,0.224,0.272,0.0273,3.58E-05,0.643
106,5,K323F,0.17,0.22,0.23,0.27,0.32,0.39,0.41,0.46,0.5,0.66,0,0.000457,0.000355,0.000563,0.000502,0.000532,0.000493,0.000328,0.000316,0.000348,0.000225,1
107,8,K323H,0.44,0.42,0.42,0.42,0.49,0.58,0.62,0.72,0.84,0.73,0,0.00107,0.000391,0.000168,7.36E-05,7.88E-05,0.000911,9.46E-05,0.00032,0.00237,2.34E-05,1
108,11,K323V,0.57,0.86,0.92,1.02,1.02,0.93,0.83,0.83,0.77,0.56,0,0.00725,0.487,0.45,0.714,0.797,0.206,0.0142,0.00303,0.000363,3.22E-08,1
113,8,K323E,0.45,0.79,0.81,0.79,0.79,0.71,0.58,0.56,0.58,0.47,1.55,0.00104,0.0601,0.0728,0.044,0.0288,0.00393,0.000245,7.08E-05,4.56E-05,8.19E-06,0.0265
114,8,T381Y,1.65,1.78,1.51,1.24,1.17,1.1,1.15,1.14,1.2,1.27,1.02,0.121,0.0424,0.0595,0.0589,0.0651,0.141,0.0247,0.00699,0.00022,0.000254,0.8
115,7,V105C,0.67,0.66,0.59,0.63,0.64,0.75,0.71,0.79,0.83,1.01,1.73,0.0901,0.126,0.103,0.0822,0.0619,0.0373,0.0161,0.0111,0.0314,0.492,0.178
124,12,V105P,1.09,1.19,1.26,1.18,1.22,1.23,1.24,1.15,1.09,0.91,0.636,0.224,0.138,0.11,0.146,0.102,0.0266,0.0039,0.000483,0.00794,0.21,8.73E-05
125,12,V105R,1.41,1.51,1.46,1.33,1.25,1.21,1.22,1.2,1.2,1.02,0.748,0.112,0.0127,0.0236,0.0719,0.0114,0.00849,0.00182,8.24E-05,2.54E-05,0.392,0.000419
126,12,V105W,0.72,0.73,0.68,0.68,0.77,0.84,0.87,0.99,1.02,1.01,1.57,0.036,0.0573,0.0552,0.0284,0.0453,0.0864,0.0794,0.414,0.79,0.897,0.000537
156,15,L143I,1.01,1.05,1.17,1.22,1.24,1.15,1.06,1.09,1.05,1.1,1.08,0.624,0.449,0.337,0.231,0.0847,0.0458,0.107,0.187,0.391,0.132,0.51
158,16,L143C,1.08,1.01,1.04,1.05,1.12,1.08,1.04,1.01,0.97,0.96,1.14,0.797,0.843,0.943,0.943,0.608,0.863,0.954,0.865,0.739,0.294,0.531
159,9,L143D,0.29,0.33,0.36,0.37,0.43,0.51,0.49,0.52,0.59,0.39,1.39,0.000491,0.000478,0.000253,0.000324,0.000272,0.000115,1.68E-05,6.21E-06,3.06E-06,4.62E-07,0.00564
160,10,L143E,0.25,0.29,0.3,0.33,0.36,0.43,0.36,0.37,0.38,0.4,2.17,3.06E-07,5.18E-05,4.24E-05,4.58E-05,3.16E-05,1.07E-05,3.31E-07,1.97E-07,1.69E-07,1.17E-07,0.000152
161,8,L143F,0.66,0.71,0.64,0.69,0.72,0.77,0.82,0.91,0.99,0.84,0.84,0.0499,0.0187,0.0215,0.0139,0.042,0.0718,0.131,0.173,0.519,0.0127,0.328
162,12,L143G,0.51,0.59,0.56,0.53,0.58,0.6,0.61,0.68,0.74,0.56,1.22,1.41E-05,2.73E-05,7.73E-06,6.74E-06,7.50E-06,2.51E-06,1.70E-06,2.14E-06,1.76E-06,6.87E-09,0.0817
163,8,L143H,0.72,0.79,0.86,0.78,0.89,1.06,1.1,1.07,1.07,1,1.21,0.115,0.206,0.219,0.144,0.373,0.725,0.941,0.893,0.651,0.921,0.798
164,8,L143M,0.75,0.69,0.79,0.82,0.84,0.8,0.85,0.93,1,0.88,1.3,0.378,0.161,0.196,0.177,0.227,0.18,0.147,0.214,0.794,0.0405,0.613
166,12,L143N,0.76,0.64,0.62,0.64,0.64,0.7,0.7,0.75,0.86,0.83,1.35,0.365,0.134,0.117,0.0406,0.0419,0.0182,0.00786,0.00172,0.00264,0.000818,0.004
167,12,L143P,0.42,0.37,0.41,0.4,0.52,0.59,0.61,0.66,0.71,0.56,1.51,5.16E-05,2.50E-05,4.95E-06,1.76E-06,1.17E-06,2.35E-06,1.15E-06,1.79E-06,7.72E-07,6.87E-09,0.00199
168,12,L143Q,0.76,0.77,0.85,0.83,0.76,0.76,0.71,0.79,0.96,0.87,1.98,0.149,0.359,0.261,0.238,0.122,0.127,0.201,0.182,0.107,0.0283,0.000197
169,8,L143S,0.65,0.63,0.72,0.65,0.85,0.88,0.88,0.97,1.06,0.81,1.03,0.0489,0.0149,0.0215,0.0288,0.216,0.388,0.506,0.896,0.46,0.000129,0.959
170,11,L143V,0.66,0.66,0.79,0.69,0.8,0.79,0.91,1.05,1.09,0.93,1.14,0.0575,0.0119,0.0934,0.0138,0.0187,0.046,0.218,0.394,0.00654,0.0588,0.362
171,10,L143W,0.62,0.66,0.64,0.64,0.64,0.69,0.75,0.86,0.91,0.97,1.51,0.014,0.00611,0.004,0.00252,0.00186,0.00387,0.00711,0.0125,0.046,0.356,0.00065
172,7,Y112A,1.3,0.88,0.6,0.5,0.42,0.36,0.37,0.33,0.31,0.49,0.35,0.48,0.266,0.0032,0.000994,0.000181,7.11E-05,5.08E-05,3.99E-05,3.99E-05,3.54E-05,0.0004
173,12,Y112C,0.56,0.45,0.44,0.42,0.37,0.35,0.32,0.33,0.33,0.45,1.08,0.00585,1.76E-05,4.43E-06,4.05E-07,3.79E-08,1.69E-08,9.92E-09,8.67E-09,8.50E-09,6.87E-09,0.972
175,5,Y112E,0.5,0.36,0.23,0.2,0.23,0.2,0.19,0.16,0.15,0.32,0.51,0.0079,0.000286,0.000203,0.000173,0.000173,0.000166,0.000166,0.000169,0.000169,0.000156,0.00622
177,8,Y112H,1.49,1.3,1.39,1.29,1.26,1.1,0.96,0.91,0.78,0.77,1.27,0.0508,0.178,0.155,0.197,0.232,0.637,0.643,0.0893,0.000799,2.65E-05,0.788
178,6,Y112N,1.49,1.03,0.79,0.77,0.66,0.56,0.46,0.41,0.39,0.44,0.403,0.116,0.597,0.0939,0.0717,0.00925,0.000735,0.000117,5.29E-05,3.99E-05,3.54E-05,0.00952
180,8,Y112M,0.57,0.61,0.51,0.43,0.45,0.42,0.4,0.4,0.39,0.57,0.65,0.011,0.00899,0.00311,0.000574,4.48E-05,1.95E-05,1.43E-05,1.10E-05,9.42E-06,9.78E-05,0.00591
182,8,Y112S,0.78,0.87,0.87,0.76,0.68,0.62,0.6,0.56,0.51,0.55,0.447,0.204,0.236,0.298,0.113,0.0116,0.000951,8.14E-05,6.69E-06,3.48E-06,1.93E-06,0.000622
184,8,Y112I,0.5,0.32,0.24,0.22,0.18,0.16,0.15,0.15,0.14,0.42,0.646,0.000262,8.87E-06,2.75E-06,2.31E-06,1.93E-06,1.93E-06,2.01E-06,2.22E-06,2.26E-06,2.09E-06,0.083
185,8,Y112V,0.49,0.26,0.16,0.16,0.12,0.13,0.13,0.13,0.13,0.44,0.641,0.000336,3.22E-06,2.22E-06,2.05E-06,1.93E-06,1.93E-06,1.93E-06,2.13E-06,2.22E-06,1.93E-06,0.0148
187,8,D360F,0.35,0.13,0.09,0.05,0.04,0.04,0.06,0.07,0.08,0.24,0.701,1.95E-05,2.01E-06,1.75E-06,1.93E-06,1.93E-06,1.93E-06,1.93E-06,1.93E-06,1.97E-06,1.93E-06,0.142
188,15,D360Q,0.26,0.13,0.07,0.06,0.06,0.09,0.13,0.15,0.19,0.22,1.18,3.60E-09,1.18E-10,8.36E-11,1.01E-10,1.14E-10,1.14E-10,1.16E-10,1.46E-10,1.51E-10,1.14E-10,0.718
189,8,R376C,1,1.08,1.12,1.07,1.06,1,0.94,0.85,0.81,1.64,0.871,0.937,0.611,0.54,0.826,0.789,0.811,0.31,0.0141,0.000554,3.16E-06,0.574
190,8,R376V,0.98,0.94,0.99,0.97,0.91,0.85,0.84,0.79,0.75,1.4,0.919,0.893,0.957,0.867,0.886,0.561,0.224,0.0731,0.00416,0.000213,1.17E-05,0.574
191,8,D360S,0.32,0.31,0.35,0.33,0.41,0.54,0.63,0.72,0.93,0.91,1.14,0.000367,7.99E-05,0.000101,7.84E-05,0.000132,0.000256,0.000531,0.00173,0.0793,0.0667,0.414
192,8,D360H,0.32,0.15,0.06,0.05,0.04,0.05,0.08,0.11,0.14,0.21,1.03,0.000335,0.000177,0.000132,0.000156,0.000156,0.000156,0.000156,0.000159,0.000166,0.000156,0.943
193,8,D360W,0.18,0.1,0.08,0.05,0.03,0.02,0.04,0.04,0.06,0.22,0.63,1.24E-05,1.89E-06,1.75E-06,1.93E-06,1.93E-06,1.93E-06,1.93E-06,1.93E-06,1.93E-06,1.93E-06,0.142
194,16,D360Y,0.2,0.13,0.07,0.04,0.02,0.03,0.05,0.05,0.06,0.16,1.02,2.35E-07,4.86E-10,3.43E-10,4.01E-10,4.41E-10,4.41E-10,4.41E-10,4.41E-10,4.67E-10,4.41E-10,0.792
195,8,K315C,0.63,0.6,0.65,0.69,0.72,0.82,0.85,0.96,0.97,0.91,1.18,0.0579,0.0352,0.0338,0.0276,0.0274,0.0563,0.0892,0.157,0.473,0.202,0.328
196,7,K315F,0.78,0.43,0.29,0.23,0.24,0.32,0.39,0.49,0.65,0.98,0.617,0.159,0.000276,0.000142,5.08E-05,4.16E-05,5.29E-05,5.61E-05,7.39E-05,0.000361,0.858,0.0293
197,7,K315R,1.19,0.88,1,0.92,0.95,0.93,0.85,0.93,1.03,1.04,0.843,0.633,0.565,1,0.474,0.531,0.413,0.204,0.424,0.924,0.253,0.345
198,6,K315T,0.76,0.72,0.75,0.76,0.75,0.86,0.87,0.83,0.75,0.7,1.38,0.275,0.15,0.176,0.284,0.348,0.476,0.348,0.181,0.144,0.000328,0.724
199,8,K315W,0.79,0.59,0.56,0.47,0.47,0.48,0.51,0.59,0.71,1.02,0.958,0.0558,0.0173,0.00194,0.00033,0.000238,0.000213,0.000185,0.000242,0.0013,0.583,0.755
200,8,R376T,0.62,0.68,0.7,0.72,0.68,0.61,0.59,0.63,0.67,1.42,0.654,0.0172,0.00898,0.00548,0.00416,0.00143,0.000374,0.000238,7.74E-05,2.42E-05,4.11E-05,0.142
201,7,R376W,-0.02,0.02,0.07,0.21,0.3,0.41,0.46,0.53,0.57,0.72,1.04,5.10E-05,1.77E-05,1.95E-05,1.29E-05,1.99E-05,2.60E-05,2.55E-05,2.45E-05,2.23E-05,0.00342,1
202,8,N439K,0.27,0.4,0.38,0.48,0.54,0.54,0.51,0.48,0.52,0.93,1.47,4.98E-05,0.000121,0.000152,0.000596,0.000152,7.24E-05,2.90E-05,1.99E-05,4.89E-05,0.493,0.02
203,8,N439L,0.32,0.28,0.27,0.27,0.36,0.38,0.4,0.48,0.65,0.53,0.695,1.49E-05,4.15E-06,3.76E-06,4.84E-06,5.32E-06,4.48E-06,3.84E-06,4.48E-06,1.85E-05,1.93E-06,0.142
204,8,N439M,0.24,0.33,0.36,0.39,0.47,0.54,0.62,0.73,0.88,0.81,0.787,4.93E-06,1.75E-05,1.95E-05,5.24E-05,2.18E-05,4.41E-05,9.31E-05,0.000217,0.00725,0.00207,0.414
205,8,N439S,0.63,0.65,0.79,0.69,0.61,0.68,0.61,0.68,0.67,0.88,0.995,0.0436,0.045,0.0778,0.0483,0.00724,0.00636,0.00105,0.000371,0.000119,0.0228,0.534
206,8,N439T,0.81,0.97,0.84,0.89,0.86,0.87,0.84,0.88,0.87,0.64,0,0.498,0.519,0.236,0.184,0.129,0.117,0.104,0.113,0.0282,2.26E-06,1
211,7,K315S,1.4,1.62,1.63,1.07,1.03,0.88,0.81,0.91,1.01,0.86,1.13,0.16,0.155,0.393,0.755,0.885,0.882,0.681,0.452,0.681,0.00404,0.138
212,5,K315V,3.07,3.02,2.32,1.68,1.29,1.45,1.02,1.03,0.97,1.14,1.41,0.108,0.0274,0.0808,0.106,0.143,0.143,0.442,0.957,0.397,0.18,0.00866
213,6,K315Y,1.31,1.17,0.79,0.67,0.61,0.63,0.66,0.68,0.69,1.28,1.35,0.191,0.329,0.742,0.358,0.226,0.102,0.0126,0.00594,0.00823,0.00615,0.257
214,8,N439A,0.69,0.79,0.83,0.74,0.75,0.81,0.88,1.05,1.16,1.08,0.957,0.136,0.118,0.0901,0.0282,0.0147,0.0694,0.239,0.995,0.162,0.0735,0.613
215,6,N439C,1.12,1.03,0.97,0.98,0.87,0.77,0.87,0.91,0.97,0.96,1.2,0.828,0.969,0.745,0.655,0.415,0.118,0.202,0.397,0.583,0.921,0.0823
218,7,N439P,0.3,0.39,0.32,0.25,0.27,0.25,0.26,0.26,0.35,0.33,1.38,0.0011,0.00537,0.00174,0.000369,0.000216,0.000184,0.000173,0.000173,0.000177,0.000166,0.0173
224,6,D362R,0.33,0.16,0.1,0.06,0.03,0.02,0.03,0.05,0.06,0.13,0.969,0.000286,4.24E-05,3.33E-05,3.54E-05,3.54E-05,3.54E-05,3.54E-05,3.54E-05,3.68E-05,3.54E-05,0.662
225,7,D362H,0.1,0.15,0.07,0.04,0.03,0.02,0.04,0.05,0.06,0.11,0.826,1.08E-05,9.61E-06,7.55E-06,8.02E-06,8.19E-06,8.19E-06,8.19E-06,8.19E-06,8.19E-06,8.19E-06,0.121
226,15,D362A,0.38,0.25,0.11,0.06,0.03,0.02,0.03,0.04,0.05,0.14,0.846,1.00E-07,3.22E-10,1.20E-10,1.09E-10,1.14E-10,1.12E-10,1.12E-10,1.12E-10,1.16E-10,1.12E-10,0.185
227,8,D362L,0.24,0.1,0.09,0.04,0.02,0.02,0.03,0.05,0.06,0.11,0.856,2.45E-05,8.52E-06,7.40E-06,7.55E-06,8.19E-06,8.19E-06,8.19E-06,8.19E-06,8.19E-06,8.19E-06,0.281
228,6,D362W,0.59,0.24,0.18,0.07,0.03,0.02,0.02,0.03,0.04,0.11,0.852,0.0157,0.000208,0.000163,0.000156,0.000156,0.000156,0.000156,0.000156,0.000156,0.000156,0.171
229,7,D362P,1.2,0.55,0.32,0.1,0.01,0.02,0.01,0,0.01,0.06,0.131,0.724,0.0732,0.0274,0.0164,0.0164,0.0164,0.0164,0.0156,0.0164,0.0164,0.0444
230,8,D362Y,0.23,0.17,0.1,0.05,0.03,0.02,0.03,0.04,0.06,0.12,0.904,2.75E-05,2.22E-06,2.09E-06,1.93E-06,1.93E-06,1.93E-06,1.93E-06,1.93E-06,1.97E-06,1.93E-06,0.574
231,8,D362G,0.19,0.15,0.12,0.08,0.09,0.13,0.17,0.22,0.27,0.33,0.606,5.42E-05,3.10E-06,2.01E-06,1.89E-06,1.93E-06,1.97E-06,2.13E-06,2.26E-06,2.26E-06,1.93E-06,0.0104
233,6,D362I,0.3,0.23,0.12,0.09,0.04,0.02,0.01,0.01,0.02,0.16,1.28,0.00154,0.000191,0.000156,0.000156,0.000156,0.000156,0.000156,0.000156,0.000156,0.000156,0.429
235,8,D362S,0.77,0.66,0.66,0.57,0.62,0.66,0.7,0.83,0.9,0.9,0.673,0.188,0.0271,0.0102,0.00338,0.00264,0.0021,0.00405,0.0145,0.0291,0.101,0.0499
236,8,D362M,0.27,0.1,0.07,0.04,0.02,0.03,0.06,0.1,0.11,0.15,0.747,0.00159,3.33E-05,3.13E-05,3.40E-05,3.54E-05,3.54E-05,3.54E-05,3.54E-05,3.84E-05,3.54E-05,0.142
237,6,D362N,0.53,0.6,0.58,0.45,0.53,0.51,0.54,0.6,0.77,0.86,1.46,0.0523,0.0601,0.0185,0.00345,0.00288,0.00184,0.00164,0.00499,0.0319,0.0786,0.132
238,8,D362F,0.21,0.15,0.08,0.05,0.02,0.02,0.04,0.05,0.06,0.15,0.931,3.62E-06,2.09E-06,1.71E-06,1.93E-06,1.93E-06,1.93E-06,1.93E-06,1.93E-06,1.93E-06,1.93E-06,0.95
239,6,D362Q,0.25,0.08,0.07,0.03,0.02,0.03,0.05,0.07,0.1,0.19,1.47,0.00471,3.61E-05,3.54E-05,3.01E-05,3.54E-05,3.54E-05,3.54E-05,3.54E-05,3.76E-05,3.54E-05,0.00216
241,8,K78T,0.46,0.66,0.75,0.75,0.79,0.72,0.6,0.51,0.45,0.65,1.33,0.0472,0.0395,0.0985,0.145,0.217,0.0512,0.00489,0.00175,0.000963,0.000752,0.35
242,6,K78V,1.82,1.57,1.48,1.18,1.06,0.83,0.69,0.56,0.53,0.78,1.02,0.748,0.25,0.34,0.595,0.817,0.344,0.105,0.0323,0.0232,0.0268,0.933
244,6,L59H E60P D380Y,3.77,3.71,3.58,2.62,1.97,1.59,1.25,1.05,0.95,1.12,0.634,0.0133,0.00852,0.0174,0.0228,0.081,0.0868,0.161,0.587,0.928,0.466,0.00324
250,7,L59H E60P,3.49,2.52,2,1.92,1.7,1.54,1.5,1.33,1.16,1.01,0.632,0.000331,0.00126,0.00536,0.00338,0.0029,0.00319,0.0055,0.0173,0.0595,0.824,0.00153
261,22,K379P,1.64,1.67,1.45,1.19,1.04,0.89,0.79,0.72,0.75,1.37,1.09,0.00674,0.000128,0.000756,0.0257,0.331,0.665,0.017,1.92E-06,3.09E-09,5.72E-06,0.568
262,6,K379W,0.73,0.99,1,0.93,0.88,0.81,0.73,0.63,0.6,1.57,0.965,0.272,0.994,0.998,0.75,0.498,0.138,0.0185,0.000813,0.00015,0.000105,0.699
263,8,K379V,0.57,0.87,0.85,0.78,0.74,0.62,0.59,0.6,0.61,1.12,1.12,0.0149,0.369,0.327,0.0595,0.0335,0.00352,0.000681,7.36E-05,1.99E-05,0.0499,0.852
264,14,K379S,2.74,4,2.44,1.96,1.45,1.26,1.07,0.84,0.76,2.5,0.948,2.95E-05,1.51E-06,2.13E-06,9.94E-06,3.72E-05,0.00183,0.225,0.0274,7.76E-06,1.09E-09,0.259
265,8,K379L,1.47,1.09,0.9,0.79,0.86,0.86,0.81,0.77,0.73,1.33,0.594,0.244,0.509,0.684,0.831,0.321,0.1,0.0304,0.00315,0.000556,0.000132,0.00117
266,5,D380K,0.43,0.64,0.61,0.59,0.58,0.52,0.41,0.4,0.43,0.58,1.28,0.3,0.364,0.198,0.0308,0.00365,0.00076,0.000297,0.000225,0.000195,0.000177,0.429
267,8,D380G,1.28,2.37,2.2,1.45,1.2,0.97,0.8,0.7,0.67,1.1,0.875,0.549,0.159,0.206,0.355,0.869,0.403,0.0294,0.00164,0.000374,0.466,0.534
268,8,D380R,1.34,1.62,0.96,0.69,0.69,0.58,0.54,0.54,0.55,0.78,1.31,0.238,0.364,0.575,0.048,0.00244,0.000168,1.60E-05,5.86E-06,4.48E-06,0.0211,0.0593
269,8,D382T,2.5,2.69,1.97,1.68,1.13,1.07,1,0.92,0.88,1.12,0.887,0.0405,0.00311,0.0106,0.0318,0.217,0.405,0.868,0.17,0.0361,0.445,0.209
270,15,D382R,0.25,0.25,0.23,0.23,0.33,0.35,0.4,0.43,0.47,0.73,0.861,1.44E-05,0.000554,0.000103,1.93E-06,5.54E-07,2.91E-07,8.90E-08,7.50E-08,7.94E-08,1.44E-06,0.565
272,8,D382G,3.14,2.5,1.84,1.3,1.07,0.92,0.96,0.78,0.76,0.96,1.4,0.0029,0.000962,0.00482,0.0369,0.18,0.916,0.208,0.00324,0.000241,0.923,0.181
273,8,S383V,0.81,1.26,1.24,1.04,0.93,0.82,0.77,0.73,0.84,0.93,1.2,0.919,0.137,0.239,0.473,0.991,0.17,0.015,0.0016,0.00421,0.209,0.383
274,13,S383Q,1.23,0.72,0.86,0.74,0.83,0.74,0.78,0.76,0.8,0.76,1.04,0.931,0.676,0.514,0.286,0.277,0.0266,0.00384,0.000474,0.000127,0.00521,0.878
276,6,S383C,1.67,2.22,2.13,1.98,1.69,1.45,1.27,1.07,0.96,1.39,1.13,0.0667,0.00316,0.00383,0.00215,0.00167,0.0033,0.0141,0.218,0.513,0.000735,0.282
277,8,K78C,0.38,0.41,0.41,0.41,0.38,0.32,0.28,0.34,0.34,0.54,1.29,0.00366,0.00267,0.00394,0.0023,0.00153,0.000944,0.000834,0.000834,0.000817,0.000707,0.23
278,24,K78H,2.19,2.59,2.48,1.89,1.44,1.28,1.15,1.04,0.99,1.08,1.02,0.00186,0.000166,0.000476,0.00122,0.00546,0.063,0.219,0.794,0.507,0.00956,0.784
279,15,K78M,0.75,0.59,0.56,0.53,0.53,0.46,0.47,0.45,0.43,0.67,1.14,0.0174,0.00652,0.0018,0.000122,2.21E-06,8.54E-08,3.54E-09,4.34E-10,2.72E-10,1.61E-05,0.198
280,8,K78Q,0.82,0.85,0.85,0.78,0.72,0.6,0.5,0.49,0.47,0.78,1.1,0.443,0.369,0.162,0.0408,0.00789,0.000185,2.38E-05,1.15E-05,5.43E-06,0.000258,0.152
281,7,K78S,1.42,1.14,1.1,0.77,0.84,0.81,0.77,0.9,0.86,0.73,0.821,0.557,0.405,0.768,0.625,0.726,0.385,0.108,0.0529,0.0156,0.00733,0.383
282,14,E406L,0.74,0.83,0.79,0.74,0.67,0.51,0.38,0.31,0.29,0.25,0.984,0.0684,0.212,0.075,0.0147,0.000152,9.96E-08,1.27E-08,9.01E-09,8.67E-09,6.87E-09,0.826
283,8,D326A,0.2,0.19,0.16,0.13,0.11,0.11,0.12,0.12,0.12,0.19,1.34,4.26E-05,2.75E-06,2.05E-06,1.93E-06,1.93E-06,1.93E-06,1.93E-06,2.05E-06,2.13E-06,1.93E-06,0.13
284,8,D326E,0.05,0.15,0.15,0.11,0.11,0.11,0.12,0.14,0.14,0.16,1.03,1.58E-06,2.05E-06,2.26E-06,2.01E-06,1.93E-06,1.97E-06,2.01E-06,2.26E-06,2.26E-06,1.93E-06,0.645
286,12,D326G,0.18,0.28,0.24,0.19,0.27,0.28,0.32,0.36,0.38,0.33,1.1,2.21E-06,6.44E-06,2.13E-07,5.86E-08,4.93E-08,5.12E-08,4.57E-08,4.07E-08,3.76E-08,2.76E-08,0.436
287,7,D326H,0.37,0.45,0.17,0.17,0.12,0.11,0.09,0.08,0.08,0.23,1.34,0.00241,0.000849,0.000177,0.000166,0.000156,0.000156,0.000156,0.000156,0.000156,0.000156,0.048
288,7,D326L,0.3,0.27,0.12,0.09,0.1,0.11,0.08,0.09,0.09,0.17,1.13,0.0308,0.000331,2.60E-05,1.04E-05,8.35E-06,8.19E-06,8.19E-06,8.35E-06,8.70E-06,8.19E-06,0.536
289,8,D326M,0.23,0.12,0.11,0.09,0.07,0.08,0.08,0.09,0.1,0.23,0.866,3.84E-05,1.97E-06,1.82E-06,1.93E-06,1.93E-06,1.93E-06,1.93E-06,2.01E-06,2.13E-06,1.93E-06,0.13
290,8,D326P,0.15,0.18,0.11,0.06,0.03,0.01,0.01,0,0,0.09,0.962,3.45E-05,1.00E-05,7.71E-06,7.86E-06,8.19E-06,8.19E-06,8.19E-06,7.71E-06,8.19E-06,8.02E-06,0.694
291,8,D326Q,0.21,0.21,0.2,0.14,0.14,0.11,0.12,0.12,0.13,0.21,1.16,0.00673,0.00302,0.000569,7.39E-05,3.99E-05,3.68E-05,3.61E-05,3.84E-05,3.91E-05,3.54E-05,0.445
292,8,D326R,0.56,0.34,0.23,0.22,0.14,0.11,0.1,0.08,0.08,0.24,1.48,0.012,7.12E-05,1.49E-05,2.31E-06,1.93E-06,1.93E-06,1.93E-06,1.93E-06,2.01E-06,2.22E-06,0.195
293,7,D326S,1.31,0.94,0.55,0.49,0.32,0.29,0.23,0.2,0.17,0.55,1.34,0.679,0.599,0.0361,0.00952,0.00558,0.00445,0.00376,0.00361,0.00368,0.00331,0.667
294,16,D326T,0.26,0.34,0.25,0.19,0.18,0.22,0.22,0.23,0.23,0.31,0.992,8.81E-07,5.98E-08,2.19E-09,6.47E-10,5.24E-10,5.45E-10,5.55E-10,5.66E-10,5.66E-10,4.41E-10,0.678
297,8,D435C,0.68,0.44,0.5,0.46,0.45,0.43,0.39,0.35,0.34,0.68,1.01,0.115,0.0995,0.0077,0.000514,3.64E-05,8.71E-06,3.91E-06,2.86E-06,2.86E-06,3.22E-05,0.95
299,8,D435E,0.36,0.47,0.36,0.28,0.29,0.29,0.31,0.32,0.38,0.56,0.86,0.000227,0.00375,0.000145,1.99E-05,5.53E-06,3.16E-06,2.50E-06,2.35E-06,2.26E-06,6.88E-05,0.181
300,8,D435G,0.37,0.82,0.6,0.45,0.39,0.4,0.36,0.34,0.35,0.51,0.803,0.00817,0.136,0.00448,0.000106,1.03E-05,4.15E-06,2.81E-06,2.45E-06,2.26E-06,2.26E-05,0.0593
301,7,D435H,0.59,0.68,0.45,0.32,0.35,0.32,0.34,0.37,0.39,0.57,0.947,0.0453,0.081,0.000899,0.000127,6.07E-05,5.18E-05,4.33E-05,4.24E-05,4.51E-05,4.51E-05,0.589
302,8,D435L,0.49,0.55,0.38,0.3,0.29,0.28,0.26,0.24,0.26,0.49,0.852,0.00202,0.000242,1.36E-05,4.48E-06,3.42E-06,2.86E-06,2.31E-06,2.31E-06,2.22E-06,2.05E-06,0.228
303,8,D435R,0.36,0.5,0.48,0.48,0.5,0.47,0.44,0.43,0.45,0.62,1.11,0.000402,0.0011,0.00121,0.000683,0.000225,6.35E-05,2.45E-05,1.32E-05,1.17E-05,8.52E-06,0.945
304,8,D435S,0.49,0.84,0.76,0.61,0.61,0.58,0.52,0.5,0.5,0.73,0.905,0.00326,0.31,0.0669,0.00541,0.000545,5.71E-05,9.56E-06,4.84E-06,4.84E-06,1.92E-05,0.345
305,8,D435T,0.36,0.32,0.36,0.33,0.39,0.41,0.38,0.39,0.43,0.8,1.21,4.83E-05,0.000109,7.34E-05,3.93E-05,3.08E-05,2.19E-05,1.24E-05,1.06E-05,1.08E-05,4.48E-05,0.181
306,7,D435Y,0.52,0.86,0.85,0.86,0.8,0.71,0.63,0.56,0.58,1,0.883,0.0161,0.522,0.587,0.345,0.196,0.0588,0.0141,0.00383,0.00205,0.939,0.24
307,7,D380A,0.7,0.92,0.93,0.82,0.71,0.65,0.53,0.41,0.39,0.67,1,0.0301,0.825,0.498,0.164,0.027,0.00121,0.000142,6.07E-05,4.60E-05,4.16E-05,0.818
308,8,D380E,1.43,1.53,1.56,1.53,1.32,1.15,0.95,0.87,0.82,1.12,1.15,0.0939,0.0149,0.0155,0.00857,0.0377,0.134,0.566,0.0162,0.00125,0.102,0.161
309,6,D380G,1.49,2.03,1.67,1.22,1.2,1.02,0.85,0.76,0.74,1.04,1.36,0.383,0.12,0.211,0.34,0.268,0.666,0.383,0.025,0.00463,0.907,0.171
321,15,D382S,0.7,1.12,1.09,1.05,1.03,0.97,0.89,0.79,0.76,0.75,1.2,0.458,0.215,0.458,0.342,0.488,0.744,0.0729,0.000677,6.39E-06,0.00115,0.0438
322,8,D382P,1.6,1.51,1.42,1.28,1.12,1.03,0.88,0.81,0.77,1.07,1.06,0.0232,0.0268,0.0303,0.0979,0.149,0.668,0.181,0.00699,0.000336,0.177,1
323,7,D382V,2.91,1.56,1.35,1.12,1,0.9,0.77,0.72,0.7,1.01,1.14,0.000505,0.369,0.445,0.902,0.509,0.0607,0.00782,0.000739,0.000165,0.619,1
324,8,D382F,2.34,2.07,1.7,1.45,1.06,0.85,0.76,0.69,0.62,0.81,0.964,0.00118,0.0356,0.221,0.204,0.619,0.418,0.0458,0.000701,3.58E-05,0.0119,0.328
325,6,D382Q,2.56,1.06,1.03,1,1.07,1,0.89,0.87,0.83,1.29,1.33,0.00457,0.887,0.92,0.909,0.807,0.991,0.387,0.112,0.0102,0.00154,0.0293
326,7,D382W,3.51,3.15,2.37,1.94,1.45,1.17,0.92,0.79,0.75,0.82,1,0.000207,0.00085,0.0018,0.00338,0.0264,0.312,0.212,0.00251,0.00019,0.00234,0.779
327,7,D382I,3.07,1.55,1.29,1.14,1.08,0.96,0.77,0.72,0.68,0.96,1.03,0.000497,0.205,0.199,0.312,0.463,0.432,0.027,0.000574,0.000134,0.568,0.613
328,8,D382L,2.15,0.82,0.8,0.79,0.9,0.84,0.75,0.79,0.76,1.11,1.43,0.00257,0.795,0.716,0.777,0.845,0.475,0.0995,0.00275,0.000136,0.133,0.0281
331,8,D382Y,3.03,0.42,0.52,0.56,0.65,0.7,0.74,0.83,0.9,0.86,1.15,0.000469,0.000217,0.00057,0.000477,0.00134,0.0013,0.0041,0.0242,0.0342,0.000529,0.0207
332,7,D382N,3.2,0.46,0.51,0.53,0.58,0.68,0.77,0.82,0.81,0.66,1.2,0.000497,0.00121,0.00089,0.00107,0.000811,0.00197,0.00438,0.00529,0.00112,8.19E-06,0.00124
335,8,K379R,3.77,1.27,1.28,1.23,1.16,1.14,1.14,1.1,1.1,1.12,1.3,8.42E-05,0.636,0.789,0.622,0.591,0.583,0.436,0.306,0.17,0.0812,0.000311
336,8,K379C,3.68,0.92,0.87,0.81,0.78,0.77,0.79,0.81,0.83,1.49,0.974,6.88E-05,0.373,0.215,0.129,0.0848,0.0189,0.022,0.00443,0.000588,5.12E-06,0.959
337,6,K379G,3.22,0.77,0.73,0.67,0.68,0.71,0.74,0.83,0.87,1.47,0.941,0.00145,0.122,0.0326,0.0197,0.00601,0.00785,0.0171,0.0245,0.0187,8.80E-05,0.95
343,8,S383L,0.85,1.16,1.15,1.12,0.97,0.81,0.72,0.65,0.63,1.01,1.18,0.246,0.443,0.46,0.451,0.934,0.0862,0.00683,0.000336,4.26E-05,0.886,0.414
344,7,S383F,1.39,2.31,1.64,1.5,1.19,0.99,0.89,0.76,0.73,1.07,1.43,0.168,0.018,0.0464,0.0992,0.343,0.703,0.119,0.00802,0.00133,0.156,0.0519
346,5,S383N,1.78,1.9,1.64,1.51,1.25,1.11,0.97,0.85,0.89,1.13,0.926,0.154,0.0185,0.0372,0.0411,0.14,0.392,0.734,0.0638,0.0406,0.102,0.662
347,8,S383T,2.48,2.52,2.55,2.28,1.88,1.53,1.32,1.14,1.22,1.63,0.907,0.00395,0.00115,0.00087,0.000462,0.000381,0.00103,0.00774,0.0747,0.0424,5.08E-05,0.31
348,8,S383W,3.26,2.86,1.76,1.21,1.02,0.98,0.81,0.67,0.61,1.05,1.48,0.00508,0.000614,0.00326,0.0441,0.289,0.411,0.0092,0.000115,1.36E-05,0.384,0.0593
349,8,S383I,3.76,3.45,1.95,1.5,1.23,0.99,0.83,0.72,0.68,0.88,1.08,0.00231,0.000391,0.00254,0.0224,0.145,0.848,0.0325,0.000521,9.31E-05,0.0693,0.95
350,7,S383M,1.2,1.98,2.06,1.66,1.36,1.05,0.94,0.83,0.85,1.22,1.03,0.633,0.0311,0.0341,0.0481,0.0582,0.545,0.445,0.0237,0.00946,0.0196,0.662
351,8,D380Y N399P,0.78,0.78,0.69,0.64,0.6,0.58,0.52,0.47,0.46,0.33,0.838,0.399,0.0396,0.0131,0.00352,0.000316,8.14E-05,9.56E-06,3.84E-06,3.29E-06,1.93E-06,0.284
352,7,V105R T302L R303P D380Y T381R R392G,6.54,5.39,4.57,3.88,3.57,2.83,2.46,2.01,1.77,1.63,0.278,6.12E-05,4.08E-05,2.80E-05,1.15E-05,1.04E-05,7.40E-06,6.42E-06,6.17E-06,6.30E-06,1.13E-05,0.00253
353,8,T302L R303P D380Y N399P,0.39,0.44,0.29,0.3,0.34,0.3,0.25,0.21,0.17,0.22,0.816,0.00121,4.26E-05,1.11E-05,6.69E-06,4.39E-06,3.29E-06,2.45E-06,2.22E-06,2.22E-06,1.93E-06,0.0932
354,56,T302L R303P D380Y T381R R392G,5.42,5.35,4.74,4.13,3.57,3.26,2.91,2.69,2.42,1.85,0.682,8.46E-25,2.60E-27,3.65E-28,2.01E-29,3.36E-30,1.13E-30,1.74E-28,1.15E-30,1.13E-30,7.20E-30,4.86E-12
355,6,V105R T302L R303P D380Y T381R,3.33,3.15,2.63,2.31,2.15,2.24,2.15,2,1.74,1.44,0.259,0.00593,0.00552,0.00162,0.000342,0.000218,0.000324,0.00271,0.00492,0.00506,0.000462,0.0173
356,8,T302L R303P D380Y T381R,2.32,3.16,2.86,2.58,2.27,1.96,2.05,1.98,2.19,1.78,0.951,0.000848,0.000115,0.000121,0.000117,1.63E-05,8.08E-06,3.55E-06,1.38E-05,7.24E-05,2.50E-06,0.435
357,8,V105R D380Y T381R R392G,4.36,4.67,3.93,3.28,2.71,2.31,1.92,1.5,1.29,1.49,0.487,0.000213,7.88E-05,4.56E-05,2.26E-05,2.90E-05,1.33E-05,5.42E-05,0.00118,0.0189,6.32E-06,0.00311
358,7,D380Y T381R R392G,2.08,3.31,3.23,2.53,1.83,1.49,1.5,1.32,1.36,1.69,1.19,0.00393,0.000451,0.00043,0.000621,0.000257,0.000651,0.000289,0.000309,0.00173,1.06E-05,0.639
359,8,V105R D380Y T381R,5.68,4.97,4.81,3.37,2.76,2.37,1.77,1.42,1.3,1.49,0.539,6.96E-05,3.58E-05,2.36E-05,1.20E-05,1.13E-05,1.51E-05,1.91E-05,0.000602,0.0111,3.14E-05,0.0177
360,8,D380Y T381R,3.8,4.08,3.63,2.65,2.42,1.82,1.75,1.43,1.29,1.81,1.79,0.00021,7.48E-05,4.32E-05,2.86E-05,1.57E-05,2.32E-05,1.32E-05,1.17E-05,0.000416,9.05E-06,0.0303
361,7,V105R T302L R303P A317E D380Y T381R R392G,3.3,4.63,4.07,3.58,3.2,2.15,1.43,1.02,1.01,0.26,0.247,0.00365,0.000692,0.000484,0.000259,0.000269,0.000348,0.00839,0.415,0.953,0.000156,0.00794
362,8,V105R T302L R303P A317E D380Y T381R,2.15,2.51,2.25,2.3,1.99,1.52,1.05,0.82,0.77,0.26,0.296,0.0239,0.000683,0.000962,0.000458,0.000144,0.00653,0.562,0.124,0.0369,8.19E-06,0.00505
363,8,V105R T302L R303P D380Y T381R N399P,1.4,1.13,0.83,0.62,0.52,0.45,0.39,0.39,0.34,0.53,0.242,0.0276,0.367,0.264,0.0102,0.000592,8.18E-05,2.03E-05,1.80E-05,1.22E-05,4.74E-05,0.00253
364,6,V105R T302L R303P D380Y,3.83,2.56,2.33,2.07,1.86,1.72,1.48,1.43,1.42,0.87,0.388,0.00173,0.0014,0.00162,0.000531,0.00054,0.000286,0.000139,6.19E-05,3.20E-05,0.0323,0.00433
365,8,V105R D380Y R392G,2.98,3.99,3.54,3,2.6,1.83,1.57,1.37,1.25,1.03,0.566,0.00085,0.000144,7.48E-05,3.08E-05,2.23E-05,3.02E-05,2.65E-05,0.000119,0.00158,0.801,0.00253
366,8,V105R D380Y,2.32,2.3,2.11,1.68,1.75,1.52,1.37,1.2,1.08,0.87,0.682,0.00938,0.00251,0.00212,0.0028,0.000478,0.000687,0.000945,0.00938,0.193,0.0163,0.0823
367,6,V105R T302L R303P D380Y T381R R392G N399P,1.49,1.11,0.6,0.39,0.29,0.23,0.23,0.16,0.17,0.21,0.221,0.305,0.718,0.00743,0.000303,0.000195,0.000184,0.000173,0.000173,0.000173,0.000156,0.00794
372,8,S383E,2.95,2.04,1.77,1.47,1.47,1.15,0.93,0.82,0.83,0.87,0.924,0.000633,0.000579,0.0037,0.00541,0.0116,0.23,0.463,0.0133,0.00116,0.0445,0.282
376,12,E384R,0.68,0.63,0.71,0.64,0.64,0.65,0.67,0.76,0.81,0.9,0.941,0.0157,0.0491,0.0163,0.00262,0.0005,0.00029,0.000628,0.000777,0.000322,0.0344,0.597
378,12,E384D,0.96,1.05,0.97,0.89,0.82,0.85,0.85,0.94,0.96,1.05,0.966,0.656,0.569,0.836,0.654,0.257,0.203,0.104,0.0556,0.0403,0.314,0.668
379,12,E384C,0.42,0.66,0.66,0.65,0.7,0.64,0.7,0.76,0.82,1.02,0.963,0.000975,0.00998,0.00778,0.00337,0.00109,0.000246,5.93E-05,5.85E-05,5.85E-05,0.928,0.974
380,12,E384P,0.83,1.08,1.1,1.01,0.99,0.96,0.92,0.92,1.01,1.32,0.823,0.397,0.775,0.576,0.351,0.421,0.249,0.208,0.185,0.431,1.82E-06,0.249
381,12,E384N,0.43,0.77,0.66,0.7,0.76,0.73,0.73,0.73,0.76,0.89,1.06,0.00147,0.0817,0.0425,0.0467,0.0261,0.00459,0.00351,0.000143,0.000249,0.0111,0.307
382,12,E384I,2.95,1.26,1.02,0.81,0.72,0.73,0.76,0.71,0.8,1.73,0.811,0.00675,0.494,0.752,0.244,0.0617,0.0249,0.00747,0.000789,0.000403,4.73E-05,0.0653
383,12,E384G,4.34,1.93,1.28,0.94,0.79,0.81,0.82,0.71,0.71,2.01,1.44,0.0723,0.0424,0.14,0.624,0.522,0.119,0.016,0.000241,1.51E-05,2.76E-08,0.0378
384,7,E384Q,1.13,0.92,0.82,0.68,0.65,0.74,0.75,0.77,0.85,0.93,0.688,0.583,0.838,0.208,0.0405,0.0175,0.00866,0.00158,0.00112,0.00558,0.247,0.0136
385,11,E384W,0.44,0.46,0.38,0.33,0.35,0.39,0.43,0.45,0.56,0.87,1.16,0.000338,0.000242,6.71E-06,6.37E-07,6.14E-07,3.50E-07,2.84E-07,2.44E-07,5.10E-07,0.0202,0.212
386,12,E384H,0.9,0.98,0.9,0.76,0.78,0.77,0.78,0.79,0.87,0.97,0.924,0.798,0.765,0.619,0.149,0.064,0.0404,0.0526,0.02,0.00554,0.754,0.734
387,12,E384K,0.54,0.75,0.62,0.58,0.58,0.61,0.57,0.63,0.76,1.43,1.36,0.00899,0.0729,0.00866,0.000256,3.06E-05,6.10E-05,3.50E-06,2.94E-06,1.41E-05,1.05E-07,0.0927
388,12,E385R,1.2,1.07,0.85,0.69,0.65,0.66,0.59,0.66,0.76,1.17,1.13,0.513,0.593,0.591,0.0116,0.000163,0.0001,0.000104,1.68E-05,1.18E-05,0.00204,0.245
389,7,E385M,0.88,1.1,0.79,0.68,0.67,0.61,0.65,0.67,0.82,1.1,0.901,0.349,0.841,0.256,0.035,0.00596,0.00228,0.00114,0.00101,0.0149,0.107,0.669
390,7,E385W,0.92,0.89,0.81,0.69,0.68,0.65,0.68,0.75,0.86,1.04,0.858,0.978,0.765,0.212,0.0279,0.00619,0.0154,0.00844,0.00501,0.0728,0.551,0.315
391,7,E385V,0.86,0.79,0.74,0.6,0.57,0.59,0.64,0.67,0.91,1.09,0.857,0.498,0.24,0.16,0.0493,0.00352,0.00588,0.013,0.045,0.284,0.125,0.417
392,12,E385G,1.54,1.47,1.15,0.85,0.88,0.8,0.8,0.88,0.87,1.22,0.945,0.174,0.0467,0.32,0.656,0.509,0.131,0.0944,0.00801,0.00222,0.0327,0.489
393,12,E385I,1.15,0.83,0.83,0.74,0.73,0.81,0.83,0.79,1.06,1.2,0.639,0.807,0.294,0.151,0.0431,0.0483,0.0814,0.0293,0.0231,0.3,0.000205,0.00347
394,12,E385S,0.52,0.83,0.72,0.67,0.7,0.65,0.62,0.61,0.69,1.01,1.23,0.0255,0.0858,0.0354,0.00585,0.000294,9.28E-06,1.73E-06,1.73E-06,3.02E-05,0.345,0.277
395,6,E385P,1.41,1.48,1.16,1,0.96,0.88,0.95,0.93,0.98,1.71,1.05,0.469,0.419,0.818,0.854,0.789,0.298,0.3,0.102,0.75,5.96E-05,0.958
396,8,E385Q,1.67,1.47,1.08,0.97,0.84,0.77,0.79,0.83,0.89,1.09,0.937,0.0634,0.0408,0.261,0.998,0.13,0.0152,0.0155,0.00356,0.00725,0.0328,0.965
397,7,E386L,0.77,0.85,0.77,0.74,0.77,0.85,0.83,0.92,0.98,1.52,0.92,0.19,0.449,0.225,0.0479,0.0576,0.0921,0.121,0.17,0.285,0.000234,0.562
400,8,M378S,0.84,1.55,1.52,1.29,1.16,0.97,0.82,0.81,0.81,0.87,1.09,0.367,0.279,0.387,0.552,0.51,0.653,0.105,0.0143,0.00345,0.00763,0.181
401,8,M378V,0.44,0.46,0.46,0.49,0.52,0.51,0.59,0.64,0.75,0.92,1.05,0.00274,0.0523,0.0282,0.0199,0.0143,0.00215,0.00136,0.000473,0.000217,0.0589,0.209
402,8,M378T,4.43,1.34,1.4,1,1.11,0.94,0.78,0.85,0.87,0.82,0.9,0.00112,0.171,0.322,0.82,0.692,0.699,0.121,0.0487,0.0493,0.0168,1
403,8,M378G,3.98,2.47,2.17,1.74,1.68,1.39,1.15,0.96,0.84,0.91,0.994,4.49E-05,0.00114,0.000898,0.00101,0.000529,0.0037,0.154,0.415,0.00257,0.0979,0.955
404,8,E384A,3.83,0.88,0.92,0.93,0.92,0.75,0.74,0.79,0.78,0.77,0.921,0.00138,0.247,0.18,0.171,0.209,0.0631,0.0166,0.0173,0.00918,0.000619,0.876
405,6,E384K,3.83,0.41,0.31,0.29,0.33,0.37,0.49,0.56,0.7,0.72,0.876,0.00431,0.00366,0.0034,0.00217,0.00257,0.00277,0.00353,0.00328,0.00439,0.00136,0.412
406,7,E384S,3.18,0.85,0.97,0.89,0.88,0.81,0.74,0.8,0.77,0.97,0.924,0.268,0.54,0.6,0.395,0.324,0.159,0.0576,0.0116,0.0024,0.469,0.445
407,5,E384Y,3.67,0.62,0.63,0.6,0.62,0.66,0.67,0.61,0.73,0.94,1.19,0.002,0.0354,0.0164,0.0332,0.025,0.00572,0.00504,0.00076,0.00131,0.112,0.53
408,8,E384T,4.53,0.59,0.53,0.54,0.51,0.44,0.56,0.62,0.82,0.86,0.709,0.00475,0.0228,0.0261,0.0273,0.0321,0.00743,0.00298,0.00102,0.00244,0.00173,0.0262
409,8,E385C,3.99,0.78,0.8,0.7,0.75,0.72,0.75,0.83,0.84,0.95,0.803,0.000401,0.122,0.0653,0.018,0.0183,0.00664,0.00876,0.0133,0.00673,0.329,0.0734
410,8,E385H,3.63,0.5,0.43,0.54,0.56,0.49,0.46,0.55,0.65,0.94,1.09,0.00138,0.0292,0.0175,0.025,0.0168,0.0155,0.00403,0.00183,0.00141,0.328,0.268
411,8,E385L,3.15,0.74,0.67,0.63,0.64,0.72,0.79,0.9,0.97,1.01,0.749,0.000246,0.122,0.0424,0.0227,0.0134,0.0345,0.0757,0.15,0.519,0.321,0.00591
412,7,E385D,0.54,1.57,1.08,1.04,1.13,0.95,0.87,0.91,0.89,0.92,1.16,0.114,0.788,0.96,0.94,0.954,0.351,0.0943,0.0607,0.0177,0.0181,0.0721
413,6,E385F,0.18,0.41,0.44,0.46,0.46,0.53,0.57,0.68,0.72,0.77,0.949,0.000142,0.00499,0.00316,0.00215,0.000827,0.00131,0.00121,0.00121,0.000855,0.000394,0.95
414,7,E385A,0.4,0.67,0.73,0.73,0.82,0.78,0.79,0.82,0.81,0.9,1.04,0.00855,0.0231,0.0161,0.0123,0.0188,0.0112,0.00823,0.00469,0.00089,0.0152,0.779
415,7,E385N,0.21,0.48,0.49,0.48,0.52,0.61,0.63,0.74,0.76,0.91,1.06,0.000221,0.000299,0.000289,0.000365,0.000371,0.000193,0.000165,0.000497,0.00028,0.0464,0.536
416,8,E386P,0.02,0.21,0.25,0.34,0.4,0.43,0.46,0.5,0.54,0.83,1.09,1.58E-06,2.60E-06,3.76E-06,6.09E-06,7.35E-06,4.84E-06,4.57E-06,4.93E-06,5.64E-06,0.000491,0.442
417,8,E386H,0.16,0.43,0.48,0.51,0.56,0.61,0.64,0.67,0.65,1.15,1.23,5.12E-06,4.98E-05,0.000105,0.000176,0.000246,0.000231,0.000171,0.000112,2.47E-05,0.00752,0.161
418,6,E386G,0.18,0.51,0.57,0.62,0.59,0.58,0.56,0.53,0.54,0.81,1.1,0.000408,0.027,0.0243,0.0346,0.00913,0.0014,0.000361,0.000109,6.97E-05,0.009,0.573
419,6,E386Q,0.2,0.35,0.42,0.44,0.48,0.56,0.59,0.66,0.71,1,0.874,0.000369,0.000399,0.000391,0.000865,0.000931,0.00102,0.00133,0.00162,0.00118,0.937,0.524
420,6,E386R,0.17,0.36,0.53,0.49,0.66,0.64,0.6,0.58,0.59,1.18,0.952,0.00325,0.0396,0.0396,0.0159,0.00807,0.00229,0.000899,0.000218,0.000124,0.0311,0.491
421,6,E386D,0.6,0.78,0.8,0.95,0.92,0.9,0.83,0.79,0.76,0.85,0.976,0.117,0.63,0.735,0.95,0.828,0.63,0.32,0.0406,0.00127,0.00876,1
422,7,E386M,0.07,0.21,0.26,0.31,0.4,0.49,0.61,0.71,0.79,1.07,0.799,6.97E-06,5.10E-05,4.91E-05,6.83E-05,8.79E-05,8.95E-05,0.000262,0.00102,0.000513,0.181,0.0401
423,7,E386W,-0.1,0.04,0.05,0.11,0.26,0.37,0.47,0.53,0.6,0.57,0.835,0.000932,0.000402,0.000565,0.000262,0.000144,0.000165,0.000105,6.71E-05,4.24E-05,0.000651,0.694
424,6,E386S,0.86,0.51,0.58,0.63,0.66,0.71,0.69,0.66,0.59,0.78,0.958,0.253,0.00138,0.00529,0.0192,0.0176,0.00864,0.00202,0.000286,8.98E-05,0.000361,0.573
425,7,E386A,0.91,0.63,0.67,0.72,0.82,0.79,0.71,0.7,0.64,0.99,0.911,0.1,0.00982,0.0184,0.0785,0.151,0.0325,0.00382,0.000466,6.59E-05,0.222,0.694
427,7,G361R,0.45,0.2,0.17,0.14,0.14,0.15,0.16,0.17,0.17,0.58,1.1,0.00864,8.15E-05,3.91E-05,3.54E-05,3.54E-05,3.54E-05,3.76E-05,3.91E-05,3.91E-05,3.54E-05,0.852
428,5,G361L,0.28,0.39,0.19,0.19,0.24,0.25,0.24,0.24,0.2,0.46,1.03,0.303,0.00262,0.0178,0.000322,0.000254,0.000188,0.000173,0.000173,0.000173,0.00183,0.724
430,8,G361T,1.98,0.55,0.63,0.45,0.42,0.43,0.46,0.47,0.5,0.78,1.4,0.0675,0.00674,0.0467,4.11E-05,1.75E-05,4.84E-06,4.48E-06,3.48E-06,3.42E-06,0.00888,0.461
431,6,G361P,1.25,0.39,0.18,0.08,0.03,0.01,0.01,0.01,0.01,0,0.669,0.807,0.0008,5.39E-05,3.54E-05,3.40E-05,3.40E-05,3.54E-05,3.47E-05,3.54E-05,1,0.0667
432,7,G361Q,2.88,0.44,0.67,0.38,0.3,0.29,0.27,0.26,0.23,0.54,1.11,0.092,0.000746,0.0595,0.000522,0.000259,0.000203,0.000173,0.000173,0.000173,0.00133,0.905
433,5,G361K,1.28,0.25,0.37,0.24,0.26,0.2,0.17,0.16,0.14,0.47,1.91,0.291,0.00143,0.343,0.000212,0.000355,0.000166,0.000169,0.000173,0.000173,0.0059,0.286
434,7,G361N,6.19,0.64,1.51,0.7,0.67,0.57,0.54,0.42,0.39,0.66,1.11,0.000531,0.125,0.322,0.0315,0.00925,0.000307,9.88E-05,5.08E-05,4.24E-05,0.0976,0.476
437,8,G361D,0.13,0.13,0.1,0.08,0.07,0.1,0.11,0.13,0.14,0.22,0.973,7.08E-05,8.19E-06,7.86E-06,8.19E-06,8.19E-06,8.19E-06,8.35E-06,9.05E-06,9.42E-06,8.19E-06,0.397
438,7,G361Y,0.16,0.19,0.18,0.15,0.16,0.19,0.26,0.32,0.47,0.8,1.06,7.25E-05,4.24E-05,3.91E-05,3.54E-05,3.54E-05,3.68E-05,3.99E-05,4.33E-05,5.84E-05,0.00742,0.95
439,8,G361A,0.37,0.16,0.18,0.17,0.15,0.19,0.24,0.29,0.39,0.56,1.19,0.00126,2.36E-05,9.05E-06,9.61E-06,8.70E-06,9.23E-06,9.23E-06,9.42E-06,1.06E-05,9.05E-06,0.189
440,8,G361W,0.2,0.16,0.1,0.07,0.04,0.06,0.08,0.15,0.25,0.2,1.12,3.08E-05,9.23E-06,7.86E-06,8.19E-06,8.19E-06,8.19E-06,8.19E-06,9.05E-06,9.42E-06,0.000705,0.463
441,8,G361E,0.2,0.1,0.03,0.04,0.03,0.03,0.04,0.05,0.06,0.16,1,4.23E-06,1.82E-06,1.55E-06,1.71E-06,1.93E-06,1.93E-06,1.93E-06,1.93E-06,1.93E-06,1.93E-06,0.505
442,8,G361S,0.26,0.25,0.23,0.23,0.3,0.36,0.39,0.47,0.62,0.69,1.01,0.00104,0.000188,4.49E-05,5.86E-06,3.35E-06,3.55E-06,3.62E-06,5.22E-06,9.38E-06,9.74E-06,0.645
443,8,G361M,0.23,0.28,0.27,0.27,0.34,0.4,0.43,0.48,0.66,1.1,1.17,5.91E-05,1.27E-05,1.37E-05,1.15E-05,1.32E-05,1.54E-05,1.70E-05,2.15E-05,7.08E-05,0.171,0.536
444,7,G361H,0.84,0.65,0.67,0.45,0.41,0.42,0.46,0.44,0.41,0.8,1.04,0.338,0.0138,0.00724,0.000294,3.72E-05,2.32E-05,1.73E-05,1.46E-05,1.13E-05,0.0184,0.463
445,7,G398L,0.69,0.58,0.62,0.66,0.68,0.77,0.83,0.88,0.94,1.09,1.23,0.155,0.141,0.101,0.148,0.0893,0.139,0.18,0.116,0.302,0.193,0.0205
446,8,G398P,0.52,0.46,0.43,0.43,0.48,0.48,0.51,0.48,0.44,0.39,0.842,0.0445,0.00221,0.0014,0.00134,0.000481,0.000336,7.75E-05,2.75E-05,1.87E-05,8.19E-06,0.0401
447,8,G398W,0.98,0.84,0.7,0.68,0.72,0.66,0.74,0.86,0.98,1.06,0.616,0.97,0.238,0.109,0.0584,0.0663,0.0352,0.0374,0.136,0.642,0.224,0.00109
448,8,G398S,0.68,0.96,0.93,0.95,0.88,0.91,0.95,0.97,0.95,0.96,0.894,0.162,0.614,0.333,0.617,0.634,0.393,0.287,0.319,0.329,0.263,0.195
449,7,G398V,0.44,0.67,0.77,0.78,0.8,0.75,0.76,0.83,1,0.93,0.734,0.00114,0.0445,0.0301,0.035,0.0397,0.0346,0.045,0.255,0.628,0.358,0.00218
450,7,G398M,0.75,0.69,0.66,0.62,0.71,0.76,0.82,0.91,0.94,0.98,0.68,0.185,0.0354,0.0167,0.0112,0.0267,0.0308,0.0607,0.256,0.334,0.341,0.00133
451,8,G398H,0.41,0.49,0.59,0.62,0.67,0.71,0.75,0.83,0.92,0.86,0.841,0.000162,0.000435,0.0011,0.00213,0.00432,0.00199,0.00361,0.0274,0.0771,0.00101,0.065
452,7,G398A,0.66,0.66,0.6,0.63,0.68,0.74,0.75,0.88,0.94,0.86,0.974,0.136,0.0167,0.0173,0.014,0.0314,0.0318,0.0701,0.166,0.224,0.00255,0.955
453,8,G398T,1.3,0.9,0.93,0.87,1.12,1.1,0.93,0.92,0.99,0.9,0.783,0.456,0.434,0.46,0.375,0.973,0.937,0.594,0.698,0.852,0.0332,0.00699
454,6,G398E,1.22,0.97,1.11,0.97,1.08,1.08,1.04,1,0.96,0.94,1.05,0.785,0.711,0.597,1,0.594,0.646,0.847,0.872,0.998,0.161,0.282
455,7,G398Y,0.86,0.72,0.68,0.6,0.64,0.66,0.73,0.81,0.91,0.82,0.781,0.246,0.0951,0.0418,0.0361,0.041,0.0539,0.0539,0.102,0.251,0.0414,0.0939
457,8,G398Q,0.71,0.73,0.76,0.85,0.93,0.86,0.84,0.89,0.93,0.82,0.927,0.13,0.235,0.287,0.483,0.74,0.429,0.233,0.241,0.105,7.49E-05,0.798
458,8,G398F,0.95,0.7,0.53,0.69,0.69,0.65,0.56,0.7,0.83,0.8,0.792,0.64,0.0786,0.00938,0.0267,0.018,0.00218,0.000522,0.00162,0.0056,0.00712,0.282
459,7,G398R,2.02,0.79,0.4,0.26,0.07,0.07,0.06,0.05,0.04,0.24,0.349,0.116,0.329,0.0196,0.00848,0.00338,0.00331,0.00331,0.00331,0.00331,0.00353,0.0121
460,6,G398D,1.5,1.43,1.46,1.26,1.29,1.21,1.19,1.09,1.08,1.02,0.919,0.116,0.256,0.287,0.327,0.223,0.247,0.19,0.186,0.39,0.62,0.852
467,8,G434W,0.17,0.11,0.18,0.21,0.3,0.35,0.38,0.44,0.54,0.92,0.858,0.000287,2.98E-06,5.53E-06,2.60E-06,2.98E-06,3.42E-06,3.22E-06,3.91E-06,8.23E-06,0.124,0.0289
469,8,G434R,1.06,0.84,0.79,0.78,0.77,0.8,0.81,0.85,0.83,0.97,1.01,0.855,0.116,0.212,0.0675,0.0328,0.0173,0.0124,0.00911,0.00311,0.889,0.535
470,8,G434V,0.61,0.24,0.23,0.23,0.29,0.32,0.37,0.39,0.49,0.87,1.06,0.0471,7.88E-05,0.000132,6.32E-06,5.22E-06,4.23E-06,3.35E-06,3.29E-06,5.12E-06,0.0489,0.232
471,6,G434F,0.65,0.39,0.45,0.35,0.43,0.46,0.45,0.49,0.57,1.04,0.843,0.306,0.000531,0.000342,0.000191,0.00021,0.000137,7.54E-05,7.11E-05,0.000145,0.8,0.101
473,7,G325R,1.55,1.12,1.11,1.06,0.96,0.89,0.8,0.78,0.81,1.18,0.914,0.34,0.545,0.619,0.778,0.365,0.16,0.0728,0.0104,0.00367,0.0357,0.0973
474,7,G325C,0.79,0.86,0.75,0.68,0.68,0.68,0.72,0.78,0.83,0.89,1.18,0.463,0.397,0.321,0.187,0.138,0.0708,0.0436,0.00619,0.00114,0.342,0.535
476,5,G325L,1.1,1.02,1.11,1.07,0.97,0.93,0.84,0.89,0.84,1.08,0.864,0.832,0.848,0.888,0.738,0.439,0.249,0.132,0.0901,0.0396,0.273,0.639
477,8,G325S,0.72,0.71,0.81,0.81,0.83,0.83,0.8,0.83,0.83,1.02,1.13,0.0946,0.172,0.137,0.0971,0.129,0.0833,0.0345,0.0181,0.00443,0.96,0.0401
478,6,G325P,0.72,0.44,0.17,0.1,0.1,0.1,0.1,0.1,0.1,0.28,0.562,0.256,0.000423,4.42E-05,3.84E-05,3.54E-05,3.54E-05,3.61E-05,3.68E-05,3.76E-05,3.54E-05,0.00117
479,6,G325E,0.37,0.46,0.62,0.55,0.63,0.67,0.67,0.74,0.78,0.85,1.24,0.00763,0.00655,0.0204,0.00722,0.0149,0.00593,0.00407,0.00499,0.0014,0.0033,0.138
483,7,G325W,1.09,1.08,0.67,0.61,0.49,0.47,0.5,0.54,0.6,1.13,0.558,0.697,0.457,0.0311,0.000786,6.35E-05,3.32E-05,2.91E-05,2.97E-05,3.20E-05,0.365,0.000311
484,8,G325K,0.54,0.6,0.6,0.61,0.63,0.71,0.76,0.83,0.85,0.82,1.24,0.0248,0.00774,0.00451,0.0034,0.00335,0.0056,0.011,0.0165,0.00645,0.00154,0.0426
485,7,G325T,0.48,0.57,0.48,0.46,0.55,0.62,0.73,0.77,0.81,0.81,1.07,0.00039,0.00661,0.000402,0.000451,0.000762,0.000932,0.00224,0.00259,0.00107,7.48E-05,0.536
486,8,G325N,0.39,0.62,0.64,0.71,0.75,0.79,0.8,0.89,0.89,0.98,1.24,0.00203,0.00899,0.00644,0.014,0.00866,0.0195,0.0216,0.0493,0.0545,0.4,0.00218
488,5,G325Y,0.38,0.6,0.47,0.4,0.41,0.36,0.41,0.48,0.5,0.72,0.588,0.156,0.00852,0.00104,0.000502,0.000439,0.000269,0.000292,0.00028,0.000269,0.000244,0.00155
490,8,G398K,0.83,0.65,0.59,0.71,0.76,0.82,0.82,0.86,0.86,0.81,0.839,0.37,0.0717,0.0469,0.0967,0.121,0.0976,0.064,0.0564,0.024,0.00149,0.0426
491,8,G434K,0.36,0.22,0.29,0.29,0.38,0.45,0.52,0.66,0.88,0.89,1.24,0.0356,0.00521,0.00752,0.00301,0.00326,0.00278,0.00541,0.000596,0.0197,0.06,0.083
492,8,G434Y,0.28,0.24,0.3,0.25,0.32,0.35,0.4,0.55,0.77,0.92,1.04,0.000171,4.31E-06,3.84E-06,2.70E-06,2.92E-06,3.69E-06,3.91E-06,8.71E-06,0.000132,0.0136,0.505
493,8,G434D,0.14,0.12,0.21,0.24,0.31,0.4,0.49,0.67,0.86,0.85,1.31,3.42E-06,5.75E-06,7.08E-06,6.69E-06,6.57E-06,7.93E-06,1.49E-05,6.11E-05,0.0049,0.00219,0.00699
494,8,G434E,0.58,0.47,0.43,0.39,0.47,0.55,0.68,0.8,0.92,0.91,1.38,0.0771,0.0385,0.0242,0.0147,0.0297,0.0202,0.0385,0.0352,0.244,0.105,0.0379
495,8,G434M,0.4,0.32,0.32,0.32,0.43,0.51,0.55,0.57,0.8,0.84,1.64,0.0059,0.000143,1.75E-05,1.63E-05,2.85E-05,2.65E-05,2.10E-05,5.71E-05,0.000435,0.000416,0.000155
496,8,G434T,0.21,0.19,0.19,0.11,0.13,0.14,0.18,0.25,0.42,0.72,1.54,0.000504,4.60E-05,3.68E-05,3.68E-05,3.76E-05,3.68E-05,3.91E-05,3.99E-05,4.24E-05,4.98E-05,0.0127
497,8,T302L R303P D380Y T381R N399P,0.46,0.62,0.57,0.54,0.6,0.61,0.65,0.7,0.82,0.64,0.59,0.0108,0.0143,0.00565,0.00125,0.00138,0.00128,0.000651,0.00043,0.00109,9.23E-06,0.000311
498,7,V105R T302L R303P D380Y R392G,3.51,4.51,4.59,3.87,3.42,2.99,2.61,2.16,1.95,0.92,0.14,0.000177,5.69E-05,3.58E-05,1.29E-05,1.02E-05,7.26E-06,6.69E-06,6.30E-06,6.30E-06,0.0735,0.000583
499,7,V105R T302L R303P D380Y N399P,2.54,0.87,0.55,0.44,0.52,0.47,0.34,0.28,0.25,0.24,0.128,0.00121,0.187,0.00241,0.000257,8.18E-05,2.19E-05,1.15E-05,9.42E-06,9.42E-06,8.19E-06,0.000583
500,13,T302L R303P A317E D380Y T381R R392G,4.39,2.99,2.77,2.61,2.71,2.08,1.77,1.47,1.5,0.3,0.48,5.05E-06,0.000174,0.000148,0.000118,1.74E-05,7.32E-06,4.50E-06,1.71E-05,1.18E-05,5.22E-06,4.23E-05
501,8,T302L R303P D380Y T381R R392G N399P,3.7,0.45,0.4,0.48,0.51,0.47,0.43,0.44,0.36,0.31,0.499,0.0002,0.000279,0.000127,6.01E-05,4.26E-05,1.24E-05,4.48E-06,3.16E-06,2.40E-06,1.93E-06,0.000311
502,7,T302L R303P D380Y T381R N399P,3.87,0.35,0.33,0.39,0.45,0.47,0.52,0.56,0.62,0.54,0.566,0.0323,0.000961,0.00164,0.00157,0.00154,0.00138,0.00117,0.000664,0.000252,4.79E-05,0.00117
503,6,V105R T302L R303P D380Y R392G N399P,3.49,2.46,2.4,1.9,2.02,2.1,2.1,2.09,1.91,0.79,0.141,0.0799,0.111,0.0863,0.0723,0.0363,0.0256,0.0215,0.021,0.0213,0.00383,0.0732
504,6,N61F T302L R303P D380Y,0.57,0.25,0.21,0.21,0.22,0.23,0.22,0.23,0.22,0.34,0.376,0.0124,5.96E-05,4.24E-05,3.99E-05,4.08E-05,3.99E-05,3.99E-05,3.99E-05,3.99E-05,3.54E-05,0.00117
505,8,N61E T302L R303P D380Y,1,1.02,0.95,0.84,0.84,0.8,0.69,0.64,0.6,0.36,0.308,0.453,0.928,0.798,0.289,0.132,0.0381,0.00143,7.12E-05,1.36E-05,1.93E-06,0.000311
506,8,N61S T302L R303P D380Y,0.4,0.45,0.35,0.33,0.29,0.29,0.27,0.27,0.28,0.35,0.688,0.00508,9.78E-05,1.44E-05,6.09E-06,3.10E-06,2.92E-06,2.35E-06,2.26E-06,2.26E-06,1.93E-06,0.000311
507,8,N61P T302L R303P D380Y,0.11,0.09,0.08,0.08,0.09,0.13,0.15,0.16,0.17,0.29,1.14,2.01E-06,1.68E-06,1.75E-06,1.93E-06,1.93E-06,1.93E-06,2.01E-06,2.26E-06,2.26E-06,1.93E-06,0.152
508,7,N61G T302L R303P D380Y,-0.16,-0.09,-0.04,-0.02,0.05,0.11,0.15,0.16,0.21,0.22,1.11,6.17E-06,6.17E-06,6.17E-06,6.17E-06,7.86E-06,8.19E-06,8.35E-06,9.05E-06,9.23E-06,7.86E-06,0.0728
509,8,N61T T302L R303P D380Y,0.16,0.03,0.01,-0.01,0,0.04,0.05,0.05,0.05,0,0.32,1.64E-05,6.42E-06,6.30E-06,6.42E-06,6.42E-06,8.19E-06,8.19E-06,8.19E-06,8.19E-06,1,0.000583
510,5,N61R T302L R303P D380Y,0.54,0.56,0.49,0.42,0.36,0.35,0.35,0.34,0.35,0.61,0.66,0.0344,0.0228,0.00756,0.00283,0.00118,0.00104,0.00087,0.000801,0.000768,0.000784,0.00606
511,8,N61L T302L R303P D380Y,0.31,0.24,0.2,0.16,0.13,0.14,0.13,0.13,0.14,0.43,0.731,1.38E-05,5.32E-06,2.81E-06,2.13E-06,1.97E-06,1.93E-06,2.01E-06,2.17E-06,2.26E-06,1.93E-06,0.000311
512,6,N61A T302L R303P D380Y,0.35,0.39,0.33,0.31,0.29,0.28,0.26,0.28,0.28,0.31,0.633,0.000408,0.000113,8.31E-05,5.96E-05,5.29E-05,4.69E-05,4.08E-05,3.99E-05,3.99E-05,3.54E-05,0.101
513,8,N61M T302L R303P D380Y,0.59,0.85,0.77,0.71,0.7,0.7,0.68,0.68,0.64,0.42,0.45,0.0173,0.239,0.127,0.0101,0.00222,0.00128,0.000499,8.56E-05,1.60E-05,1.93E-06,0.000311
514,8,N61C T302L R303P D380Y,0.4,0.4,0.38,0.34,0.33,0.31,0.27,0.25,0.24,0.4,0.719,0.00278,0.000469,0.000262,3.11E-05,5.97E-06,3.04E-06,2.31E-06,2.26E-06,2.26E-06,1.93E-06,0.000311
515,8,N61H T302L R303P D380Y,1.27,0.92,0.92,0.89,0.96,0.92,0.81,0.8,0.82,0.64,0.578,0.397,0.83,0.532,0.261,0.31,0.145,0.0392,0.0172,0.0106,1.13E-05,0.000311
516,8,N61Y T302L R303P D380Y,0.36,0.32,0.23,0.2,0.2,0.21,0.22,0.24,0.25,0.32,0.435,0.000157,5.43E-06,3.16E-06,2.70E-06,2.22E-06,2.13E-06,2.26E-06,2.26E-06,2.26E-06,1.93E-06,0.000311
517,8,N61W T302L R303P D380Y,0.6,0.5,0.54,0.38,0.31,0.28,0.26,0.25,0.25,0.47,0.452,0.194,0.00298,0.000365,5.59E-05,1.43E-05,1.17E-05,9.42E-06,9.42E-06,9.42E-06,8.19E-06,0.000583
518,7,N61D T302L R303P D380Y,1.11,0.71,0.62,0.45,0.37,0.33,0.33,0.3,0.28,0.34,0.388,0.998,0.152,0.00922,0.000331,3.39E-05,1.43E-05,1.00E-05,9.42E-06,9.42E-06,8.19E-06,0.000583
519,8,Y63A T302L R303P D380Y,1.13,0.66,0.55,0.46,0.4,0.36,0.34,0.33,0.33,0.38,0.563,0.902,0.0725,0.00176,7.61E-05,1.03E-05,4.15E-06,2.70E-06,2.35E-06,2.26E-06,1.93E-06,0.000311
520,7,Y63D T302L R303P D380Y,1.63,0.73,0.58,0.56,0.42,0.36,0.32,0.28,0.26,0.33,0.256,0.025,0.199,0.0138,0.00558,9.11E-05,2.03E-05,1.10E-05,9.42E-06,9.42E-06,8.19E-06,0.000583
521,8,Y63P T302L R303P D380Y,1.05,0.71,0.63,0.45,0.37,0.32,0.3,0.28,0.27,0.4,0.408,0.692,0.048,0.00154,3.16E-05,4.23E-06,3.10E-06,2.26E-06,2.26E-06,2.26E-06,1.93E-06,0.000311
522,6,Y63T T302L R303P D380Y,1.1,0.77,0.6,0.51,0.42,0.39,0.36,0.34,0.32,0.38,0.449,0.735,0.049,0.00302,0.000495,0.000111,6.32E-05,4.42E-05,3.99E-05,3.99E-05,3.54E-05,0.00117
523,8,Y63C T302L R303P D380Y,0.34,0.19,0.2,0.16,0.18,0.2,0.22,0.22,0.23,0.28,0.715,0.00126,0.000246,1.31E-05,2.98E-06,2.31E-06,2.22E-06,2.17E-06,2.26E-06,2.26E-06,1.93E-06,0.000622
524,8,Y63V T302L R303P D380Y,1.07,0.88,0.57,0.41,0.33,0.28,0.26,0.25,0.24,0.33,0.571,0.941,0.0279,0.000755,1.49E-05,3.62E-06,2.70E-06,2.31E-06,2.26E-06,2.26E-06,1.93E-06,0.000311
525,6,Y63G T302L R303P D380Y,0.75,0.56,0.38,0.26,0.26,0.25,0.24,0.22,0.23,0.39,0.238,0.2,0.00271,0.000457,0.000348,0.000191,0.000177,0.000173,0.000173,0.000173,0.000156,0.00253
526,7,Y63N T302L R303P D380Y,0.93,0.71,0.71,0.63,0.62,0.63,0.65,0.66,0.65,0.46,0.645,0.651,0.0853,0.03,0.0161,0.00512,0.0032,0.00229,0.00143,0.000631,0.000156,0.00253
527,8,Y63R T302L R303P D380Y,1.41,0.75,0.53,0.46,0.41,0.39,0.37,0.36,0.35,0.45,0.99,0.413,0.0623,0.00136,0.000157,1.26E-05,5.64E-06,3.29E-06,2.55E-06,2.26E-06,1.93E-06,0.852
528,7,Y63H T302L R303P D380Y,1.32,1.04,0.82,0.66,0.52,0.42,0.41,0.45,0.43,0.42,0.809,0.531,0.854,0.204,0.00499,0.000401,0.000109,7.84E-05,5.96E-05,4.79E-05,3.54E-05,0.0649
529,8,Y63E T302L R303P D380Y,1.3,0.71,0.5,0.38,0.36,0.31,0.26,0.22,0.22,0.31,0.466,0.882,0.131,0.0029,0.000105,1.80E-05,1.17E-05,9.05E-06,9.42E-06,9.42E-06,8.19E-06,0.00117
530,7,Y63L T302L R303P D380Y,1.15,0.42,0.49,0.29,0.22,0.16,0.14,0.14,0.15,0.46,0.613,0.508,0.0131,0.00416,0.000963,0.000752,0.000707,0.000707,0.000752,0.000768,0.000707,0.00952
531,7,Y63S T302L R303P D380Y,0.63,0.41,0.41,0.39,0.33,0.27,0.28,0.27,0.29,0.38,0.565,0.165,0.000233,9.44E-05,3.39E-05,1.43E-05,1.20E-05,1.00E-05,9.42E-06,9.42E-06,8.19E-06,0.00117
532,8,Y63I T302L R303P D380Y,0.84,0.57,0.44,0.28,0.27,0.22,0.22,0.22,0.23,0.38,0.592,0.145,0.000873,1.92E-05,5.12E-06,2.92E-06,2.26E-06,2.26E-06,2.26E-06,2.26E-06,1.93E-06,0.000666
533,8,Y63M T302L R303P D380Y,0.76,0.7,0.58,0.41,0.37,0.38,0.35,0.36,0.38,0.36,0.76,0.126,0.0462,0.00761,0.000416,4.41E-05,1.24E-05,4.93E-06,2.98E-06,2.40E-06,1.93E-06,0.000666
534,6,Y63Q T302L R303P D380Y,0.37,0.27,0.19,0.17,0.16,0.16,0.18,0.2,0.23,0.23,1.05,0.00145,7.11E-05,4.79E-05,3.76E-05,3.54E-05,3.61E-05,3.91E-05,3.99E-05,3.99E-05,3.54E-05,0.485
535,6,N82P T302L R303P D380Y,0.99,1.01,0.94,0.76,0.73,0.75,0.83,0.98,1.1,0.86,0.655,0.939,0.887,0.501,0.0588,0.0209,0.0169,0.0786,0.814,0.0859,0.00407,0.00216
536,6,N82T T302L R303P D380Y,1.02,1.23,1.05,0.94,0.9,0.91,0.99,1.19,1.32,0.72,0.678,0.753,0.782,0.643,0.452,0.452,0.666,0.792,0.064,0.00444,0.000238,0.00216
537,7,N82S T302L R303P D380Y,0.92,1.04,0.96,0.79,0.8,0.76,0.78,0.92,1.01,0.74,0.558,0.479,0.468,0.205,0.0397,0.027,0.0228,0.0523,0.419,0.885,8.33E-05,0.00117
538,8,N82H T302L R303P D380Y,0.52,0.59,0.61,0.65,0.66,0.72,0.76,0.83,0.84,0.58,0.835,0.0154,0.00515,0.00508,0.00909,0.00432,0.00964,0.0117,0.00779,0.0025,1.93E-06,0.0813
539,7,N82G T302L R303P D380Y,1.05,1.1,0.86,0.72,0.66,0.6,0.67,0.8,0.95,0.78,0.665,0.64,0.589,0.487,0.122,0.0749,0.0236,0.0572,0.0994,0.0523,0.00089,0.00117
540,6,N82D T302L R303P D380Y,1.67,1.99,1.95,1.88,1.85,1.94,1.91,1.7,1.57,1.11,0.382,0.0153,0.00712,0.00852,0.0032,0.00076,0.000214,4.42E-05,3.01E-05,2.94E-05,0.0217,0.00216
541,7,N82W T302L R303P D380Y,-0.17,0.01,0,0.15,0.24,0.33,0.38,0.43,0.47,0.31,0.774,6.83E-06,7.55E-06,6.69E-06,7.71E-06,9.80E-06,1.17E-05,1.37E-05,1.67E-05,1.57E-05,8.19E-06,0.035
542,6,N82V T302L R303P D380Y,3.11,3.1,2.56,2.47,2.25,1.92,1.76,1.4,1.34,0.73,0.631,0.0412,0.00615,0.0128,0.00472,0.00213,0.00179,0.00116,0.00179,0.00394,0.00175,0.00952
543,8,N82R T302L R303P D380Y,1.19,1.44,1.19,1.34,1.15,1.05,0.99,0.91,0.87,0.47,0.814,0.55,0.135,0.356,0.228,0.212,0.465,0.998,0.215,0.0229,1.93E-06,0.108
544,6,N82A T302L R303P D380Y,1.76,1.79,1.65,1.32,1.08,0.97,0.85,0.76,0.73,1.12,0.75,0.093,0.133,0.122,0.243,0.924,0.446,0.0762,0.00335,0.000478,0.0392,0.00466
545,6,N82L T302L R303P D380Y,2.04,2.37,2.18,2.02,1.69,1.48,1.35,1.15,1.05,0.71,0.837,0.0273,0.029,0.0102,0.00645,0.009,0.0103,0.00529,0.0338,0.375,0.000178,0.00466
546,7,N82I T302L R303P D380Y,1.39,1.23,1.26,1.25,1.13,1.17,1.14,1.06,0.95,0.8,0.57,0.196,0.247,0.206,0.222,0.452,0.312,0.427,0.835,0.671,0.000207,0.000583
547,7,N82Q T302L R303P D380Y,1.72,2.03,1.69,1.51,1.42,1.3,1.24,1.18,1.12,1.01,0.649,0.00338,0.00212,0.00409,0.00565,0.0107,0.0276,0.0529,0.137,0.338,0.95,0.000583
548,7,R80E T302L R303P D380Y,2.12,2.6,2.06,1.64,1.63,1.4,1.06,0.91,0.77,0.91,0.419,0.00393,0.00715,0.00456,0.0149,0.00262,0.00934,0.251,0.234,0.00536,0.0301,0.000583
549,5,R80T T302L R303P D380Y,2.03,2.19,2.05,1.78,1.75,1.66,1.53,1.38,1.22,0.73,0.412,0.0221,0.0237,0.0246,0.0191,0.00618,0.00217,0.00295,0.00229,0.00315,0.000221,0.00253
550,7,R80M T302L R303P D380Y,2.41,1.95,1.92,1.84,1.82,1.6,1.38,1.17,0.99,0.74,0.735,0.00653,0.00194,0.00189,0.00085,0.000716,0.00183,0.0102,0.0943,0.791,1.32E-05,0.000583
551,7,R80P T302L R303P D380Y,2.12,2.2,1.91,1.68,1.62,1.33,1.1,0.98,0.88,0.65,0.445,0.00388,0.000837,0.00224,0.00588,0.00221,0.019,0.104,0.625,0.439,6.12E-05,0.000583
552,5,R80Y T302L R303P D380Y,1.85,1.31,0.94,1.02,0.9,0.77,0.64,0.58,0.57,0.61,0.646,0.121,0.43,0.969,0.804,0.572,0.132,0.0144,0.00118,0.000341,0.000169,0.00253
553,7,R80C T302L R303P D380Y,1.61,1.4,1.28,1.24,1.14,0.98,0.94,0.95,0.87,0.55,0.597,0.0601,0.111,0.188,0.202,0.262,0.768,0.761,0.208,0.00611,8.35E-06,0.000583
554,6,R80L T302L R303P D380Y,2.81,2.68,2.32,1.71,1.38,1.3,1.19,1.01,0.87,0.64,0.636,0.011,0.00377,0.00504,0.0102,0.0111,0.023,0.131,0.808,0.0367,0.000275,0.00253
555,8,R80G T302L R303P D380Y,2.16,1.74,1.77,1.64,1.46,1.35,1.24,1.15,1.04,0.73,0.47,0.0038,0.00779,0.0634,0.0533,0.143,0.113,0.135,0.335,0.731,2.10E-05,0.000311
556,7,R80D T302L R303P D380Y,2.12,1.39,1.09,1.04,1.07,0.9,0.79,0.66,0.61,0.76,0.2,0.108,0.388,0.943,0.811,0.542,0.668,0.144,0.00136,7.21E-05,0.000863,0.000583
557,8,R80A T302L R303P D380Y,1.64,2,1.63,1.46,1.46,1.3,1.18,1.1,1.02,0.63,0.597,0.162,0.0133,0.0312,0.0106,0.0134,0.0523,0.0877,0.1,0.369,2.05E-06,0.014
558,8,R80F T302L R303P D380Y,1.06,1.37,1.34,1.03,1.06,0.91,0.73,0.61,0.55,0.52,0.629,0.862,0.229,0.739,0.643,0.559,0.142,0.00367,7.61E-05,1.77E-05,8.19E-06,0.00408
559,8,R80N T302L R303P D380Y,1.75,2.5,2.29,1.69,1.77,1.52,1.29,1.11,0.95,0.63,0.468,0.00352,0.000537,0.00123,0.0142,0.00326,0.00454,0.0285,0.436,0.425,1.93E-06,0.000311
562,7,T302L R303S D380Y,0.58,0.52,0.54,0.7,0.81,0.88,0.84,0.94,0.98,0.64,0.724,0.0223,0.0375,0.0681,0.0851,0.285,0.331,0.213,0.35,0.543,3.84E-05,0.026
565,8,T302L R303V D380Y,1.69,2.37,2.15,1.45,2.06,1.58,1.42,1.22,1.25,0.85,0.766,0.0459,0.00197,0.00218,0.00342,0.00028,0.000473,0.000727,0.00328,0.00488,0.00328,0.0175
566,7,T302L R303P D304P D380Y,0.31,0.23,0.25,0.23,0.24,0.22,0.24,0.21,0.19,0.42,0.847,0.000947,2.06E-05,1.43E-05,1.13E-05,1.10E-05,1.00E-05,9.61E-06,9.42E-06,9.42E-06,8.19E-06,0.0728
567,8,T302L R303P D304G D380Y,0.58,0.44,0.33,0.36,0.45,0.5,0.55,0.54,0.59,0.45,0.74,0.0306,0.000325,1.46E-05,2.70E-05,4.26E-05,2.30E-05,3.11E-05,3.05E-05,1.11E-05,3.16E-06,0.0289
568,7,T302L R303P D304R D380Y,0.26,0.37,0.25,0.28,0.23,0.27,0.27,0.22,0.22,0.37,1.32,0.0158,0.00013,5.10E-05,4.32E-05,1.67E-05,1.17E-05,9.42E-06,9.23E-06,9.23E-06,8.19E-06,0.318
569,7,T302L R303P D304F D380Y,0.01,0.03,0.03,0.08,0.17,0.26,0.29,0.33,0.39,0.45,0.959,8.02E-06,6.69E-06,6.56E-06,7.71E-06,8.70E-06,9.80E-06,9.42E-06,9.42E-06,1.00E-05,8.19E-06,0.805
570,7,T302L R303P D304V D380Y,0.34,0.33,0.43,0.46,0.51,0.49,0.42,0.37,0.38,0.5,1.44,0.00529,0.00911,0.00696,0.00278,0.00112,0.000123,3.14E-05,1.27E-05,9.61E-06,8.19E-06,0.0262
571,7,T302L R303P D304T D380Y,0.27,0.42,0.3,0.38,0.35,0.41,0.41,0.47,0.52,0.5,1.01,1.67E-05,0.000991,0.00145,0.000863,0.00085,0.000241,8.79E-05,2.80E-05,1.73E-05,8.19E-06,1
602,8,K78H T302L R303P M378G K379S D380Y T381R D382W S383T R392G,5.67,4.85,4.15,3.48,2.92,2.35,1.93,1.45,1.2,1.12,0.251,2.85E-05,1.07E-05,9.74E-06,3.84E-06,3.42E-06,2.70E-06,2.70E-06,2.92E-06,0.000162,0.0211,0.000311
603,8,K78H T302L R303P M378G K379S D380Y T381R D382W R392G,6.13,5.75,4.98,3.84,2.97,2.24,1.86,1.54,1.25,1.13,0.241,2.51E-05,1.01E-05,5.86E-06,2.92E-06,2.81E-06,2.13E-06,2.50E-06,5.12E-06,0.000197,0.0252,0.000311
604,17,K78H T302L R303P M378G K379S D380Y T381R S383T R392G,8.04,9.43,7.91,6.07,5.09,3.97,3.13,2.53,2.04,1.43,0.456,1.56E-09,2.13E-10,2.09E-10,8.36E-11,7.59E-11,6.37E-11,6.50E-11,6.37E-11,6.37E-11,7.24E-09,6.25E-06
605,8,K78H T302L R303P M378G D380Y T381R D382W S383T R392G,2.93,3.09,3.01,2.67,2.4,2.11,1.92,1.63,1.47,1.08,0.276,0.00032,5.71E-05,2.65E-05,6.82E-06,4.07E-06,2.98E-06,2.22E-06,1.61E-06,1.55E-06,0.139,0.000311
606,8,K78H T302L R303P K379S D380Y T381R D382W S383T R392G,4.15,5.16,4.9,3.76,2.93,2.45,1.95,1.59,1.39,0.88,0.346,9.00E-05,1.19E-05,4.07E-06,1.89E-06,1.97E-06,1.52E-06,1.71E-06,1.01E-05,0.000227,0.00128,0.000311
607,15,T302L R303P M378G K379S D380Y T381R D382W S383T R392G,12.66,12.16,8.26,5.18,3.45,2.72,1.97,1.39,1.12,2.13,0.592,4.67E-10,1.83E-10,2.77E-10,2.34E-10,1.48E-09,4.61E-09,2.97E-06,4.91E-07,0.00217,7.30E-11,3.71E-05
608,5,K78H T302L R303P A317E M378G K379S D380Y T381R D382W S383T R392G,1.99,2.95,2.86,2.24,1.9,1.48,1.18,0.9,0.76,0.46,0.393,0.0496,0.0144,0.0103,0.0179,0.00696,0.0144,0.3,0.212,0.0221,0.00331,0.0167
609,7,K78H T302L R303P A317E M378G K379S D380Y T381R D382W R392G,2.36,3.27,3.25,2.55,1.93,1.35,0.99,0.81,0.69,0.36,0.346,0.00236,0.00055,0.000336,0.000206,0.000291,0.00288,0.578,0.0109,0.000271,3.54E-05,0.00117
610,8,K78H T302L R303P A317E M378G K379S D380Y T381R S383T R392G,4.03,4.5,3.92,2.75,2.19,1.45,0.99,0.79,0.69,0.26,0.256,0.000157,5.81E-05,1.95E-05,1.33E-05,1.29E-05,0.00114,0.973,0.00305,0.000114,1.93E-06,0.000311
611,7,K78H T302L R303P A317E M378G D380Y T381R D382W S383T R392G,2.38,2.03,2.2,1.78,1.62,1.33,1.02,0.9,0.86,0.28,0.268,0.0112,0.00802,0.00298,0.00215,0.00324,0.00877,0.347,0.22,0.0163,8.19E-06,0.000583
612,26,K78H T302L R303P A317E K379S D380Y T381R D382W S383T R392G,4.44,3.86,3.51,3.16,2.42,1.82,1.33,1.09,0.96,0.34,0.352,3.09E-10,1.14E-11,1.81E-12,3.24E-13,9.88E-14,1.16E-12,7.57E-08,0.11,0.214,8.80E-16,2.09E-09
613,12,T302L R303P A317E M378G K379S D380Y T381R D382W S383T R392G,11.35,9.15,7.65,4.83,2.98,2,1.35,0.94,0.76,1.06,0.561,3.06E-07,7.85E-08,1.17E-07,7.85E-08,1.14E-07,1.90E-07,5.86E-06,0.297,4.05E-05,0.959,4.69E-05
614,8,K78H T302L R303P M378G D380Y D382W R392G,1.98,1.67,1.65,1.44,1.31,1.27,1.24,1.23,1.17,1.17,0.38,0.00361,0.0119,0.0232,0.0385,0.0628,0.0227,0.00356,0.000194,0.00104,0.00443,0.000311
615,8,K78H T302L R303P M378G D380Y D382W,1.4,1.26,1.24,1.16,1.09,1.12,1.11,1.16,1.14,1.13,0.432,0.182,0.189,0.16,0.254,0.339,0.105,0.0563,0.00541,0.0016,0.00338,0.000311
616,7,K78H T302L R303P M378G D380Y R392G,5.12,5.67,4.52,3.42,2.67,2.4,2.25,1.72,1.47,1.17,0.406,8.18E-05,1.64E-05,1.64E-05,1.04E-05,9.42E-06,6.56E-06,6.56E-06,6.30E-06,6.97E-06,0.0138,0.000583
617,5,K78H T302L R303P D380Y D382W R392G,2.07,3.25,2.56,2.25,1.89,1.77,1.63,1.46,1.26,0.75,0.392,0.0183,0.00148,0.00193,0.00106,0.00076,0.000522,0.000362,0.000355,0.0018,0.00305,0.00253
618,8,T302L R303P M378G D380Y D382W R392G,3.74,4.39,3.02,1.79,1.46,1.3,1.2,1.02,0.93,1.43,0.563,7.88E-05,3.52E-05,7.24E-05,0.000262,0.00191,0.0046,0.0123,0.513,0.18,1.07E-05,0.000622
619,8,K78H T302L R303P M378G D380Y,2.12,2.39,2.31,1.77,1.95,1.77,1.64,1.54,1.5,1,0.495,0.00181,0.000744,0.000579,0.000262,4.89E-05,1.75E-05,4.31E-06,1.71E-06,1.64E-06,0.896,0.000311
620,8,K78H T302L R303P D380Y R392G,2.18,2.24,2.18,2.11,2.07,2,2.05,2.07,2.05,0.84,0.385,0.00158,0.00118,0.000722,0.000138,2.95E-05,3.62E-06,1.64E-06,1.40E-06,1.40E-06,0.000537,0.000311
621,6,T302L R303P D380Y D382W R392G,0.34,0.49,0.57,0.5,0.72,0.78,0.82,0.86,0.87,0.56,0.436,0.000599,0.000994,0.0014,0.00162,0.00673,0.0133,0.0171,0.024,0.0261,3.54E-05,0.00117
622,8,T302L R303P M378G D380Y D382W,1.26,1.22,1.08,0.89,0.86,0.89,0.94,1,0.99,1.21,0.486,0.129,0.855,0.855,0.291,0.0946,0.084,0.126,0.343,0.651,0.00857,0.000311
623,7,K78H T302L R303P D380Y D382W,0.94,0.97,0.97,1.09,1.07,1.1,1.11,1.22,1.18,0.7,0.44,0.709,0.742,0.61,0.353,0.16,0.0742,0.0601,0.00241,0.000672,1.17E-05,0.000583
624,8,T302L R303P M378G D380Y R392G,2.38,1.92,1.68,1.54,1.42,1.44,1.44,1.48,1.42,0.9,0.436,0.00086,0.00313,0.00635,0.00743,0.00343,0.000368,3.22E-05,1.93E-06,1.61E-06,0.0195,0.000311
625,14,K78H T302L R303P D380Y,3.61,4.2,3.61,2.97,2.45,2.35,2.25,2.1,1.99,0.93,0.491,2.21E-06,9.87E-08,9.70E-08,2.59E-08,4.73E-09,7.26E-10,3.50E-10,2.61E-10,2.56E-10,0.309,7.45E-06
626,7,T302L R303P K379S D380Y T381R D382W S383T R392G,5.44,8.71,5.92,4.56,3.37,2.99,2.49,1.99,1.7,1.29,0.511,0.000142,3.33E-05,3.99E-05,2.89E-05,3.20E-05,2.77E-05,2.77E-05,2.77E-05,2.77E-05,0.00702,0.00117
627,14,T302L R303P M378G D380Y T381R D382W S383T R392G,5.41,11.02,5.92,4.42,3.04,2.81,2.24,1.83,1.68,1.68,0.551,1.54E-07,8.88E-08,2.82E-07,5.53E-07,1.29E-06,3.07E-06,1.40E-06,1.40E-08,1.15E-09,3.72E-09,3.33E-05
628,19,T302L R303P M378G K379S D380Y T381R D382W R392G,11.16,11.7,9.01,5.88,3.96,2.85,2.19,1.61,1.28,2.15,0.527,1.35E-11,2.03E-12,3.31E-12,1.71E-12,2.59E-12,2.69E-12,1.61E-12,1.68E-12,5.42E-10,1.36E-12,0.000115
630,5,T302L R303P A317E K379S D380Y T381R D382W S383T R392G,5.06,10.25,6.1,4.02,2.61,1.78,1.31,1,0.89,0.42,0.44,0.000803,0.000234,0.000286,0.000191,0.000269,0.000619,0.0123,0.684,0.135,0.000156,0.00253
631,6,T302L R303P A317E M378G D380Y T381R D382W S383T R392G,3.71,4.19,4.31,3.15,2.14,1.6,1.18,0.92,0.78,0.3,0.422,0.0018,0.000574,0.000439,0.000239,0.000297,0.00126,0.0668,0.178,0.00348,0.000156,0.00253
632,8,T302L R303P A317E M378G K379S D380Y T381R D382W R392G,3.22,3.14,2.74,2.21,1.91,1.39,0.98,0.72,0.65,0.47,0.516,0.000246,0.000227,0.000357,0.000258,0.00086,0.00421,0.89,0.000701,2.26E-05,1.93E-06,0.00266
633,8,T302L R303P A317E M378G K379S D380Y T381R S383T R392G,1.69,2.08,1.92,1.62,1.59,1.22,0.89,0.69,0.72,0.25,0.451,0.00416,0.000788,0.000885,0.000491,0.000336,0.022,0.561,0.0102,0.000403,1.93E-06,0.000666
634,8,K78H T302L R303P K379S D380Y T381R D382W R392G,3.38,3.6,3.2,2.97,2.83,2.27,1.94,1.62,1.49,0.83,0.328,0.000466,0.000152,6.59E-05,1.40E-05,9.80E-06,6.83E-06,8.87E-06,7.26E-06,9.23E-06,0.000132,0.00117
635,16,K78H T302L R303P K379S D380Y T381R S383T R392G,7.08,7.83,6.86,5.62,4.87,4.02,3.57,3.27,2.81,2.59,0.443,3.30E-09,4.42E-10,2.77E-10,8.85E-11,8.36E-11,6.37E-11,6.63E-11,6.50E-11,6.50E-11,6.37E-11,0.000159
636,7,K78H T302L R303P D380Y T381R D382W S383T R392G,3.99,4.76,4.48,4.14,3.32,2.5,2.21,1.86,1.63,0.92,0.426,0.000336,8.18E-05,4.32E-05,1.80E-05,1.17E-05,9.23E-06,8.52E-06,6.69E-06,6.30E-06,0.4,0.00117
638,7,K78H T302L R303P M378G D380Y T381R S383T R392G,3.13,2.88,2.69,2.48,2.26,2.17,2.13,2.16,2.11,1.18,0.465,0.000371,0.000253,0.000193,4.91E-05,1.80E-05,8.87E-06,7.26E-06,6.42E-06,6.42E-06,0.00221,0.00233
639,6,K78H T302L R303P M378G K379S D380Y T381R R392G,3.43,3.36,2.87,2.71,2.18,1.74,1.52,1.3,1.29,0.88,0.487,0.00365,0.00249,0.00225,0.00076,0.00136,0.000803,0.00177,0.000376,0.000316,0.0863,0.00433
640,12,K78H T302L R303P M378G D380Y T381R R392G,6.37,7.84,6.95,5.6,4.51,3.55,2.99,2.22,1.99,1.24,0.583,2.75E-07,4.93E-08,5.53E-08,2.81E-08,2.31E-08,1.97E-08,1.86E-08,1.79E-08,1.79E-08,0.000322,0.00044
642,6,K78H T302L R303P A317E K379S D380Y T381R D382W R392G,6.45,11.24,8.55,6.09,4.18,2.63,1.83,1.24,0.98,0.43,0.455,0.000109,3.54E-05,3.54E-05,2.77E-05,2.89E-05,3.01E-05,5.29E-05,0.00492,0.935,3.54E-05,0.00433
644,7,K78H T302L R303P A317E D380Y T381R D382W S383T R392G,4.3,8.12,6.43,4.74,3.37,2.3,1.7,1.4,1.18,0.41,0.359,8.48E-05,9.80E-06,9.05E-06,6.42E-06,7.71E-06,6.30E-06,8.87E-06,1.67E-05,0.000556,8.19E-06,0.00253
645,9,K78H T302L R303P A317E M378G D380Y T381R D382W R392G,3.38,6.84,5.25,3.59,2.64,1.88,1.36,0.98,0.84,0.47,0.342,0.00122,0.000216,0.000188,0.000159,0.000163,0.000303,0.00225,0.868,0.0096,0.000156,0.00794
646,13,K78H T302L R303P A317E M378G D380Y T381R S383T R392G,4.91,6.94,6.03,4.29,3.04,2.13,1.62,1.3,1.13,0.33,0.342,3.86E-07,1.06E-08,1.08E-08,2.96E-09,3.39E-09,4.76E-09,3.92E-07,1.81E-05,0.00655,1.73E-09,3.90E-05
647,6,K78H T302L R303P A317E M378G K379S D380Y T381R R392G,4.78,4.12,3.63,2.38,1.53,1.03,0.8,0.63,0.56,0.49,0.254,0.000487,0.000302,0.000252,0.000361,0.0056,0.549,0.0695,0.000401,8.98E-05,0.0115,0.00216
648,11,K78H T302L R303P A317E M378G D380Y T381R R392G,3.21,4.42,3.51,2.59,1.89,1.24,0.95,0.74,0.64,0.28,0.368,5.84E-06,1.10E-06,4.24E-07,3.07E-07,1.57E-06,0.00504,0.374,2.70E-05,3.36E-07,4.02E-06,8.15E-05
649,18,K78H T302L R303P A317E D380Y T381R S383T R392G,6.57,8.89,7.67,5.89,4.79,3.8,3.18,2.64,2.31,0.46,0.408,6.76E-09,1.97E-10,1.40E-10,7.16E-11,6.89E-11,6.37E-11,6.37E-11,6.37E-11,6.37E-11,1.35E-10,7.88E-06
650,11,T302L R303P D380Y T381R D382W S383T R392G,2.49,2.64,2.76,2.77,2.64,2.05,1.83,1.48,1.49,0.91,0.992,0.0442,0.00324,0.00142,0.00038,0.000179,0.000205,0.000108,6.44E-06,8.47E-07,0.0239,0.317
651,12,K78H T302L R303P K379S D380Y T381R R392G,2.94,2.78,2.66,2.53,2.6,2.46,2.45,2.52,2.19,1.26,0.406,2.02E-05,9.29E-06,7.80E-06,5.35E-07,1.50E-07,2.56E-07,1.60E-06,2.44E-06,8.75E-07,3.09E-05,3.90E-05
652,12,T302L R303P M378G D380Y T381R S383T R392G,6.72,6.58,6.07,5.01,4.74,4.12,3.5,2.61,2.32,1.64,0.751,1.45E-06,3.85E-07,2.44E-07,1.21E-07,9.02E-08,8.17E-08,7.70E-08,7.54E-08,7.54E-08,2.73E-07,0.012
653,13,K78H T302L R303P D380Y T381R D382W R392G,2.81,2.44,2.37,2.61,2.42,2.28,2.07,1.74,1.61,0.82,0.378,1.07E-05,4.35E-06,1.55E-05,1.00E-07,1.23E-08,2.31E-09,1.60E-09,1.54E-09,3.26E-09,7.52E-07,1.65E-05
654,13,T302L R303P K379S D380Y T381R S383T R392G,4.96,5.54,5.04,4.61,3.94,3.67,3.21,2.75,2.57,2.69,0.534,6.97E-08,1.18E-08,5.23E-09,1.60E-09,1.24E-09,1.15E-09,1.04E-09,1.04E-09,1.06E-09,1.09E-09,2.61E-05
655,5,T302L R303P M378G K379S D380Y T381R R392G,5.41,4.59,3.88,3.23,2.9,2.37,2.16,1.74,1.48,1.2,0,0.00554,0.0121,0.0274,0.023,0.023,0.021,0.0213,0.0213,0.0215,0.395,1
659,12,T302L R303P M378G D380Y T381R R392G,5.41,5.81,5.8,4.52,3.41,2.94,2.47,1.99,1.8,1.28,0.615,7.48E-07,2.56E-07,2.21E-07,6.96E-08,5.12E-08,5.86E-08,1.20E-07,9.06E-07,1.83E-06,6.73E-05,0.00505
660,13,T302L R303P K379S D380Y T381R R392G,8.93,8.67,7.88,6.39,5.35,4.46,3.95,3.24,2.82,2.24,0.51,1.59E-06,4.02E-07,4.62E-07,3.23E-07,3.23E-07,3.23E-07,3.23E-07,3.23E-07,3.23E-07,3.56E-07,0.000311
663,5,T302L R303P A317E D380Y T381R D382W S383T R392G,1.9,1.39,1.52,1.35,1.16,0.9,0.75,0.66,0.62,0.23,0,0.219,0.149,0.492,0.219,0.473,0.313,0.0207,0.00174,0.000596,0.000156,1
664,5,K78H T302L R303P A317E K379S D380Y T381R R392G,3.76,3.88,3.13,2.46,2.02,1.53,1.18,1.03,0.88,0.24,0,0.0214,0.12,0.0787,0.0971,0.0355,0.113,0.425,0.96,0.339,0.251,1
677,7,N301Y T302L R303P D380Y,4.92,6.37,5.4,3.98,3.26,2.64,2.42,2.22,2,1.26,0.642,0.000631,0.000144,0.000325,0.000101,5.29E-05,2.10E-05,8.52E-06,6.30E-06,6.17E-06,0.000245,0.0303
678,7,N301C T302L R303P D380Y,2,2.43,2.63,2.19,1.9,1.7,1.58,1.39,1.46,0.99,0.723,0.0127,0.0079,0.00581,0.00262,0.000983,0.000931,0.000502,0.000212,0.000138,0.781,0.421
679,8,N301L T302L R303P D380Y,3.05,3.65,2.87,2.44,2.25,2.06,1.97,1.82,1.68,1.26,0.489,0.00502,0.00156,0.0021,0.000885,0.000203,2.42E-05,3.16E-06,1.52E-06,1.40E-06,7.61E-05,0.0186
680,7,N301M T302L R303P D380Y,2.72,3.95,3.52,2.67,2.5,2.26,1.95,1.62,1.47,1.02,0.578,0.00536,0.00136,0.00156,0.000716,0.000481,0.000233,5.69E-05,0.00158,8.35E-06,0.209,0.048
681,7,N301E T302L R303P D380Y,6.81,7.56,5.59,4.54,4.03,3.34,3,2.61,2.18,1.33,0.456,0.000159,5.50E-05,4.69E-05,3.01E-05,2.89E-05,2.77E-05,2.77E-05,2.77E-05,2.77E-05,0.000238,0.00433
682,7,N301A T302L R303P D380Y,2.09,2.22,2.03,1.92,1.99,1.78,1.68,1.67,1.52,1.03,0.545,0.0117,0.00347,0.00251,0.000904,9.44E-05,4.40E-05,1.54E-05,7.26E-06,6.83E-06,0.659,0.00505
683,7,N301F T302L R303P D380Y,3.24,4.65,4.04,3.63,2.97,2.55,2.2,1.84,1.85,1.59,0.558,0.00142,0.000123,7.61E-05,2.50E-05,1.46E-05,1.10E-05,7.40E-06,6.30E-06,6.17E-06,1.87E-05,0.0101
684,7,K78H T302L R303P A317E D380Y T381R D382W R392G,2.39,2.59,2.39,2.29,1.84,1.4,1.02,0.89,0.83,0.24,0,0.00263,0.00119,0.000855,0.000271,0.000206,0.00372,0.372,0.581,0.223,0.000313,1
685,5,T302L R303P A317E K379S D380Y T381R S383T R392G,3.03,3.98,3.92,3.82,3.21,2.44,1.88,1.51,1.46,0.49,0,0.00348,0.00112,0.000532,0.000286,0.000225,0.000188,0.000159,0.000173,0.000166,0.000249,1
686,5,T302L R303P A317E M378G K379S D380Y T381R R392G,2.67,2.62,1.88,1.51,1.23,0.89,0.71,0.57,0.52,0.36,0,0.00423,0.0029,0.0096,0.0246,0.0799,0.933,0.0493,0.000667,0.00023,0.0227,1
687,6,T302L R303P A317E M378G D380Y T381R D382W R392G,2.31,2.87,2.15,1.78,1.48,1.05,0.8,0.63,0.6,0.25,0,0.00568,0.00293,0.00521,0.00288,0.0109,0.571,0.0183,0.000387,0.000117,3.54E-05,1
688,5,T302L R303P A317E K379S D380Y T381R D382W R392G,2.02,2.95,3,2.35,1.77,1.2,0.89,0.68,0.63,0.27,0,0.0401,0.0048,0.00444,0.01,0.00599,0.093,0.476,0.0442,0.00989,0.014,1
689,6,K78H T302L R303P A317E D380Y T381R R392G,1.51,1.87,1.72,1.14,1.29,1.14,0.94,0.85,0.81,0.19,0,0.0826,0.123,0.249,0.498,0.518,0.784,0.392,0.111,0.0304,0.000156,1
690,5,T302L R303P A317E M378G D380Y T381R R392G,2.53,2.17,1.62,1.54,1.25,0.89,0.69,0.6,0.57,0.21,0,0.0527,0.0488,0.0845,0.0881,0.154,0.887,0.0623,0.00768,0.00536,0.00331,1
691,8,T302L R303P A317E K379S D380Y T381R R392G,2.27,2.77,2.77,2.41,1.97,1.37,1.04,0.88,0.85,0.28,0,0.00162,0.00154,0.00267,0.00176,0.00289,0.0263,0.947,0.0877,0.00154,1.93E-06,1
692,6,T302L R303P A317E D380Y T381R D382W R392G,1.04,0.88,0.87,0.77,0.9,0.76,0.64,0.63,0.65,0.18,0,0.928,0.365,0.245,0.262,0.537,0.0601,0.00205,0.000381,0.000132,3.54E-05,1
694,8,T302L R303P M378G D380Y,1.41,1.43,1.29,1.16,1.14,1.18,1.19,1.26,1.23,0.98,0,0.0249,0.0645,0.124,0.199,0.15,0.04,0.00857,0.000106,5.81E-05,0.722,1
695,8,T302L R303P D380Y D382W,0.3,0.25,0.25,0.34,0.44,0.56,0.63,0.74,0.8,0.57,0,3.22E-05,6.54E-05,3.22E-05,3.90E-05,7.12E-05,0.000182,0.000397,0.00136,0.00366,1.93E-06,1
696,8,T302L R303P D380Y R392G,1.61,2.16,1.96,1.35,1.82,1.73,1.76,1.95,1.91,0.91,0,0.013,0.00982,0.0175,0.0192,0.00142,0.000123,1.00E-05,6.17E-06,6.17E-06,0.0335,1
699,7,T302L R303P D304C D380Y,-0.06,0.07,0.04,0.12,0.21,0.28,0.32,0.34,0.38,0.4,1.25,1.00E-05,7.55E-06,7.40E-06,9.05E-06,1.10E-05,1.17E-05,1.02E-05,9.80E-06,9.42E-06,8.19E-06,0.71